시설유형,시설종류,시설명,시도,시군구,주소
정신건강기관,중독관리통합지원센터,(재)천주의성요한병원,광주광역시,북구,"광주광역시 북구 태봉로 32, 유동 115-1"
정신건강기관,기초정신건강복지센터,(학)일송학원 한림대학교성심병원,,,관평로170번길 22
정신건강기관,정신재활시설,가득한집,서울특별시,금천구,"서울특별시 금천구 시흥대로 133-7, 301호(시흥동)"
정신건강기관,정신재활시설,가람슬기,서울특별시,광진구,"서울특별시 광진구 천호대로 116길 109, 301"
정신건강기관,정신재활시설,가온길,서울특별시,노원구,"서울특별시 노원구 공릉로 58나길 17, 2층(하계동)"
정신건강기관,정신재활시설,가온누리,충청남도,아산시,충청남도 아산시 번영로 169번길 6-5
정신건강기관,자살예방센터,가평군자살예방센터,경기도,가평군,경기도 가평군 가평읍 가화로 155-15
정신건강기관,정신요양시설,가평꽃동네 정신요양원,경기도,가평군,경기도 가평군 조종면 꽃동네길 60
정신건강기관,기초정신건강복지센터,강남구 정신건강복지센터,서울특별시,강남구,"서울특별시 강남구 자곡로 100, 자곡문화센터 2층"
정신건강기관,기초정신건강복지센터,강릉시정신건강복지센터,,,"강릉시 남구길 23번길24 3층,4층"
정신건강기관,중독관리통합지원센터,강릉중독관리통합지원센터,강원도,강릉시,강원도 강릉시 용지로144 리치빌딩 4층
정신건강기관,기초정신건강복지센터,강북구 정신건강복지센터,서울특별시,강북구,서울특별시 강북구 삼양로19길 154 삼각산분소 3층
정신건강기관,정신재활시설,강서그룹홈,서울특별시,강서구,서울특별시 강서구 초록마을로16길 20
정신건강기관,정신재활시설,강서양지,서울특별시,강서구,"서울특별시 강서구 등촌로35 가길 26, 301호"
정신건강기관,광역정신건강복지센터,강원대학교병원,강원도,춘천시,강원도 춘천시 춘천로 306-5
정신건강기관,기초정신건강복지센터,강원대학교병원,강원도,춘천시,강원도 춘천시 효제길 35
정신건강기관,자살예방센터,강원도자살예방센터,강원도,춘천시,강원도 춘천시 춘천로 306-5 유칭프라자 3층
정신건강기관,기초정신건강복지센터,강진군 정신건강복지센터,전라남도,강진군,전라남도 강진군 강진읍 목리길11
정신건강기관,정신요양시설,강화정신요양원,인천광역시,강화군,인천광역시 강화군 선원면 고식이길 20번길 19-3
정신건강기관,기초정신건강복지센터,거제시 정신건강복지센터,경상남도,거제시,경상남도 거제시 수양로 506
정신건강기관,기초정신건강복지센터,거창군 정신건강복지센터,경상남도,거창군,경상남도 거창군 거창읍 거함대로 3079
정신건강기관,기초정신건강복지센터,건국대학교 충주병원,충청북도,충주시,충청북도 충주시 국원대로78 2층 
정신건강기관,기초정신건강복지센터,건양대학교병원,대전광역시,서구,대전광역시 서구 만년로 74 서구보건소 6층
정신건강기관,정신재활시설,경기다사모,경기도,수원시 팔달구,경기도 수원시 팔달구 매산로89
정신건강기관,기초정신건강복지센터,경기도 기초정신건강복지센터,경기도,광주시,경기도 광주시 파발로 194번지
정신건강기관,기초정신건강복지센터,경기도의료원 의정부병원,경기도,의정부시,경기도 의정부시 범골로 131 의정부시보건소 3층
정신건강기관,중독관리통합지원센터,경기도의료원 의정부병원,경기도,의정부시,"경기도 의정부시 의정로 52번길 18, 삼보빌딩 3층"
정신건강기관,자살예방센터,경기도자살예방센터,경기도,수원시 장안구,경기도 수원시 장안구 수성로 245번길 69 (정자동) 경기도의료원 2층
정신건강기관,기초정신건강복지센터,경농의료재단 양산병원,경상남도,양산시,"경상남도 양산시 중앙로 7-32, 양산시보건복지센터 4층 양산시정신건강복지센터"
정신건강기관,기초정신건강복지센터,경북대학교 간호과학연구소,경상북도,구미시,경상북도 구미시 선산대로 111
정신건강기관,기초정신건강복지센터,경북대학교 간호대학,경상북도,영천시,경상북도 영천시 조양공원길 21
정신건강기관,기초정신건강복지센터,경북대학교병원,대구광역시,중구,"대구광역시 중구 태평로 45, 중구보건소 3층"
정신건강기관,기초정신건강복지센터,경산복지재단,경기도,화성시,경기도 화성시 향남로 470 화성종합경기타운 실내체육관 내 1층
정신건강기관,중독관리통합지원센터,경산복지재단,경기도,화성시,경기도 화성시 정남면 서봉로 998 정남면보건지소 내 1층
정신건강기관,기초정신건강복지센터,경산세명병원,경상북도,경산시,경상북도 경산시 남매로 158
정신건강기관,중독관리통합지원센터,경상대학교병원,경상남도,진주시,경상남도 진주시 진주대로 816번길 20 2층
정신건강기관,기초정신건강복지센터,경성대학교 산학협력단,부산광역시,강서구,부산광역시 강서구 공항로 811번길 10 강서브라이트센터 내 보건소 3층
정신건강기관,정신재활시설,경주정신건강상담센터,경상북도,경주시,"경상북도 경주시 북성로 124, 2층"
정신건강기관,정신재활시설,경희사회복귀시설,광주광역시,북구,"광주광역시 북구 연양로 105번길 14, 스카이빌 301, 303, 304호"
정신건강기관,기초정신건강복지센터,경희의료원,서울특별시,동대문구,서울특별시 동대문구 홍릉로81 2층
정신건강기관,기초정신건강복지센터,계룡시 정신건강복지센터,충청남도,계룡시,충청남도 계룡시 장안로 54(금암동 10-5)
정신건강기관,기초정신건강복지센터,계요병원,경기도,의왕시,경기도 의왕시 오봉로34 의왕시보건소별관
정신건강기관,광역정신건강복지센터,고담의료재단 마더스병원,울산광역시,남구,"울산광역시 남구 화합로 105, 로하스빌딩 2층"
정신건강기관,중독관리통합지원센터,고담의료재단 마더스병원,울산광역시,남구,"울산광역시 남구 화합로 105 (달동, 로하스빌딩 5층)"
정신건강기관,중독관리통합지원센터,고담의료재단 마더스병원,울산광역시,중구,"울산광역시 중구 학성로 84-1, 3층"
정신건강기관,기초정신건강복지센터,고려대학교 산학협력단,경기도,안산시 단원구,경기도 안산시 단원구 화랑로 387
정신건강기관,중독관리통합지원센터,고려대학교 산학협력단,경기도,안산시 단원구,"경기도 안산시 단원구 화랑로 387, 2층"
정신건강기관,기초정신건강복지센터,고령군 정신건강복지센터,경상북도,고령군,경상북도 고령군 대가야읍 왕릉로 56-8
정신건강기관,기초정신건강복지센터,고성군 정신건강복지센터,경상남도,고성군,경상남도 고성군 남포로79번길 103-3
정신건강기관,기초정신건강복지센터,고성군정신건강복지센터,강원,고성군,강원 고성군 간성읍 수성로 30 보건소 2층
정신건강기관,정신요양시설,고성정신요양원,경상남도,고성군,경상남도 고성군 마암면 남해안대로3268-92
정신건강기관,기초정신건강복지센터,고신대학교 의과대학,부산광역시,영도구,부산광역시 영도구 동삼북로2 동삼1주공아파트 상가 209호
정신건강기관,정신재활시설,고운누리,대전광역시,서구,"대전광역시 서구 도마로25번길 54, 101호(도마동)"
정신건강기관,정신재활시설,고운누리,경기도,성남시 수정구,경기도 성남시 수정구 산성대로 193 금성빌딩 5층
정신건강기관,기초정신건강복지센터,고정선신경 정신의학과,인천광역시,동구,인천광역시 동구 인중로 377 2층
정신건강기관,중독관리통합지원센터,고정선정신건강의학과의원,인천광역시,동구,인천광역시 동구 인중로 377 2층 
정신건강기관,기초정신건강복지센터,고흥군 정신건강복지센터,전라남도,고흥군,전라남도 고흥군 등암3길 5
정신건강기관,정신재활시설,공감플러스,서울특별시,강서구,서울특별시 강서구 화곡로61길 130 남영빌딩 3층
정신건강기관,정신재활시설,공생하우스,제주특별자치도,제주시,제주특별자치도 제주시 아봉로449-10 
정신건강기관,정신요양시설,공주벧엘정신요양원,충청남도,공주시,충청남도 공주시 백제문화로 2015-20
정신건강기관,기초정신건강복지센터,관악구 정신건강복지센터,서울특별시,관악구,"서울특별시 관악구 관악로 145, 3동 4층"
정신건강기관,정신재활시설,관악좋은집,서울특별시,관악구,"서울특별시 관악구 법원단지32길 5, 201호(신림동)"
정신건강기관,자살예방센터,광명시자살예방센터,경기도,광명시,경기도 광명시 오리로 613 광명시보건소 1층 11호
정신건강기관,기초정신건강복지센터,광양시 정신건강복지센터,전라남도,광양시,전라남도 광양시 광양읍 인덕로 1100
정신건강기관,기초정신건강복지센터,광주광역시 기초정신건강복지센터,광주광역시,서구,광주광역시 서구 운천로 172번길 32(상무금호보건지소 정신보건팀)
정신건강기관,자살예방센터,광주광역자살예방센터,광주광역시,동구,"광주광역시 동구 제봉로 27, 5층"
정신건강기관,정신재활시설,광주새생명보건센터,광주광역시,동구,광주광역시 동구 중흥로 197
정신건강기관,정신재활시설,광주정신재활센터,광주광역시,북구,광주광역시 북구 서하로 240-18 2층
정신건강기관,중독관리통합지원센터,광주제일병원,광주광역시,남구,광주광역시 남구 독립로 25-1
정신건강기관,정신재활시설,광주해피라이프,광주광역시,서구,광주광역시 서구 화운로 172
정신건강기관,정신재활시설,광진 오사랑의집,서울특별시,광진구,"서울특별시 광진구 긴고랑로 36길 57-11, 301호"
정신건강기관,기초정신건강복지센터,광진구정신건강복지센터,서울특별시,광진구,서울특별시 광진구 긴고랑로 110 중곡종합건강센터 4층
정신건강기관,기초정신건강복지센터,괴산군 정신건강복지센터,충청북도,괴산군,충청북도 괴산군 괴산읍 읍내로2길 27-10
정신건강기관,기초정신건강복지센터,구례군 정신건강복지센터,전라남도,구례군,전라남도 구례군 구례읍 동편제길30 
정신건강기관,기초정신건강복지센터,구로구 정신건강복지센터,서울특별시,구로구,서울특별시 구로구 새말로 60
정신건강기관,정신재활시설,구로구공동희망학교,서울특별시,구로구,"서울특별시 구로구 구로중앙로18길 50, 2층"
정신건강기관,기초정신건강복지센터,구미시 정신건강복지센터,경상북도,구미시,경상북도 구미시 선산읍 선주로 121
정신건강기관,광역정신건강복지센터,국립공주병원,충청남도,홍성군,충청남도 홍성군 홍북면 충청남도대로 21
정신건강기관,기초정신건강복지센터,국립공주병원,충청남도,공주시,충청남도 공주시 봉황로 123 1층
정신건강기관,기초정신건강복지센터,국립나주병원,광주광역시,광산구,"광주광역시 광산구 상무대로 239-1, 3층"
정신건강기관,기초정신건강복지센터,국립나주병원,광주광역시,남구,"광주광역시 남구 봉선로 1, 5층"
정신건강기관,광역정신건강복지센터,국립나주병원,전라남도,나주시,전라남도 나주시 산포면 세남로 1328-31
정신건강기관,기초정신건강복지센터,국립나주병원,전라남도,곡성군,전라남도 곡성군 곡성읍 곡성로
정신건강기관,기초정신건강복지센터,국립나주병원,전라남도,나주시,전라남도 나주시 건재로 211 1층
정신건강기관,기초정신건강복지센터,국립나주병원,전라남도,장흥군,전라남도 장흥군 장흥읍 동교1길 13
정신건강기관,중독관리통합지원센터,국립정신건강센터,서울특별시,강북구,서울특별시 강북구 삼양로 335-1 2층
정신건강기관,기초정신건강복지센터,국립중앙의료원,서울특별시,강동구,"서울특별시 강동구 성내로 45, 1층"
정신건강기관,기초정신건강복지센터,국립춘천병원,강원도,홍천군,강원도 홍천군 홍천읍 신장대로5 홍천군건강증진센터 2층
정신건강기관,기초정신건강복지센터,국민건강보험공단 일산병원,경기도,고양시 덕양구,경기도 고양시 덕양구 고양시청로 13-6 현대빌딩 2층
정신건강기관,중독관리통합지원센터,군산의료원,전라북도,군산시,전라북도 군산시 백마길16
정신건강기관,정신요양시설,귀일정신요양원,광주광역시,남구,광주광역시 남구 용대로 74번길 21
정신건강기관,정신재활시설,그라따,서울특별시,도봉구,서울특별시 도봉구 도봉로 181 가길6 1층
정신건강기관,정신재활시설,그루터기,제주특별자치도,제주시,제주특별자치도 제주시 원당북로65 
정신건강기관,정신요양시설,그리스도요양원,부산광역시,서구,부산광역시 서구 옥천로 130번길 40
정신건강기관,정신재활시설,그린나래,경상북도,상주시,경상북도 상주시 만산8길 61
정신건강기관,정신재활시설,그린홈,서울특별시,중랑구,"서울특별시 중랑구 동일로 92길 39-21, 2층"
정신건강기관,중독관리통합지원센터,글로리병원,인천광역시,부평구,인천광역시 부평구 마장로 410번길 5 청천2동주민센터 3층
정신건강기관,정신재활시설,금촌혜민의집,경기도,파주시,"경기도 파주시 조리읍 송비말길 22, 성원아파트 102동 703호"
정신건강기관,정신요양시설,기독성심원,충청남도,천안시 동남구,충청남도 천안시 동남구 성남면 성심원길 124
정신건강기관,정신재활시설,기쁜우리사회 복귀시설,부산광역시,영도구,부산광역시 영도구 함지로 33-10
정신건강기관,정신재활시설,기쁨해,경기도,고양시 덕양구,경기도 고양시 덕양구 고양대로 1395번길 76 3층
정신건강기관,정신재활시설,길벗,경기도,화성시,"경기도 화성시 병점로 17-7, 201호(진안동)"
정신건강기관,정신재활시설,길벗둥지,서울특별시,동대문구,"서울특별시 동대문구 서울시립대로 18길 36, 1층"
정신건강기관,광역정신건강복지센터,길병원,인천광역시,남동구,인천광역시 남동구 남동대로 774번길 24
정신건강기관,정신재활시설,길정신건강센터,제주특별자치도,제주시,제주특별자치도 제주시 한림읍 한림뱅디길 88-17
정신건강기관,기초정신건강복지센터,길정의료재단 대남병원,부산광역시,사상구,"부산광역시 사상구 가야대로 196번길 51, 3층 다누림센터"
정신건강기관,기초정신건강복지센터,김천시 정신건강복지센터,경상북도,김천시,경상북도 김천시 체육공원길 21 3층
정신건강기관,기초정신건강복지센터,김포한누리병원,인천광역시,강화군,인천광역시 강화군 강화읍 충렬사로 26-1
정신건강기관,정신요양시설,꽃동네 정신요양원,충청북도,음성군,충청북도 음성군 맹동면 꽃동네길 22
정신건강기관,정신재활시설,꽃동네치료공동체,세종특별자치시,부강면,세종특별자치시 부강면 노호등곡1로 237번지
정신건강기관,정신재활시설,꽃피는집,대전광역시,중구,대전광역시 중구 테미로 8(대흥동)
정신건강기관,정신재활시설,꿈꾸는달팽이,서울특별시,구로구,"서울특별시 구로구 디지털로 26길 110, 동일테크노타운 2차 302호"
정신건강기관,정신재활시설,꿈꾸는집,서울특별시,관악구,"서울특별시 관악구 당곡6길 65, 201호"
정신건강기관,정신재활시설,꿈의둥지,인천광역시,미추홀구,"인천광역시 미추홀구 소성로 318번길 18-16, 현빌리지 301호,302호"
정신건강기관,정신재활시설,꿈이있는사람들,대구광역시,달성군,대구광역시 달성군 화원읍 비슬로 523길 3-26
정신건강기관,정신재활시설,꿈이있는집,전라북도,전주시 덕진구,전라북도 전주시 덕진구 아중1길 23-3 퓨처빌B 402호
정신건강기관,정신재활시설,꿈터,경기도,성남시 분당구,"경기도 성남시 분당구 느티로 51번길16-9, 1층"
정신건강기관,정신재활시설,낑알이공동체,경상북도,영천시,경상북도 영천시 교촌동서길14
정신건강기관,정신재활시설,낑알이공동체 2호,경상북도,영천시,경상북도 영천시 교촌동서길14
정신건강기관,정신재활시설,낑알이공동체 3호,경상북도,영천시,경상북도 영천시 쌍계길 104
정신건강기관,정신재활시설,나눔터,서울특별시,성북구,"서울특별시 성북구 석관동 133-44, 태영빌딩 501호"
정신건강기관,정신재활시설,나무,경기도,평택시,"경기도 평택시 평택 4로 39, 6층"
정신건강기관,정신재활시설,나비의꿈,충청남도,천안시 서북구,충청남도 천안시 서북구 두정중 11길 26. 5층 마천루빌딩
정신건강기관,중독관리통합지원센터,나사렛대학교 산학협력단,충청남도,천안시 동남구,충청남도 천안시 동남구 버들로 40 1층
정신건강기관,정신재활시설,남동정신재활시설 그루터기,인천광역시,남동구,인천광역시 남동구 담방서로 23번길 17
정신건강기관,정신재활시설,남양집,경기도,화성시,"경기도 화성시 동탄면 금곡로 68-6, 101호"
정신건강기관,기초정신건강복지센터,남원시 정신건강복지센터,전라북도,남원시,전라북도 남원시 동문로 42-1(남원농협 동문지점 2층)
정신건강기관,정신재활시설,남자담쟁이,경기도,성남시 중원구,"경기도 성남시 중원구 자혜로 8번길 59-5호, 1층"
정신건강기관,기초정신건강복지센터,남해군 정신건강복지센터,경상남도,남해군,경상남도 남해군 남해읍 선소로 6
정신건강기관,정신재활시설,내동화세상,서울특별시,도봉구,서울특별시 도봉구 도봉산 3길 17-16
정신건강기관,정신재활시설,내마음까페,충청남도,서산시,"충청남도 서산시 지곡면 충의로 762-78, 늘푸른오스카빌 102동 1005호"
정신건강기관,정신재활시설,네잎클로버,경기도,수원시 팔달구,경기도 수원시 팔달구 월드컵로 321번길34-20 나동 2층 301호
정신건강기관,기초정신건강복지센터,노원구 정신건강복지센터,서울특별시,노원구,"서울특별시 노원구 노해로 455, 인산빌딩 5층"
정신건강기관,정신재활시설,노원아이존,서울특별시,노원구,"서울특별시 노원구 한글비석로 326, 3층"
정신건강기관,정신재활시설,노원희망공간이룸,서울특별시,노원구,"서울특별시 노원구 한글비석로 422, 2층(상계동)"
정신건강기관,기초정신건강복지센터,노정신건강의학과의원,서울특별시,마포구,서울특별시 마포구 성산로4길 15 3층
정신건강기관,기초정신건강복지센터,논산시 정신건강복지센터,충청남도,논산시,충청남도 논산시 논산대로382
정신건강기관,정신요양시설,논산정신요양원,충청남도,논산시,충청남도 논산시 상월면 월오1길 54
정신건강기관,정신재활시설,누리봄,서울특별시,광진구,서울특별시 광진구 용마산로 25길 10
정신건강기관,정신재활시설,늘푸른집,서울특별시,도봉구,서울특별시 도봉구 시루봉로 295-3
정신건강기관,정신재활시설,늘푸른집,세종특별자치시,연서면,세종특별자치시 연서면 효교로 135-22
정신건강기관,정신재활시설,늘푸름,경기도,오산시,경기도 오산시 은여울로 59
정신건강기관,정신재활시설,닛시복지마을,충청북도,괴산군,충청북도 괴산군 문광면 흑석2길 20-148
정신건강기관,정신재활시설,다솜,서울특별시,구로구,서울특별시 구로구 고척로 10길 9-5
정신건강기관,정신재활시설,다솜,대전광역시,유성구,대전광역시 유성구 은구비남로 55 
정신건강기관,정신재활시설,다온집,경기도,안양시 만안구,경기도 안양시 만안구 양화로106번길 8402호
정신건강기관,정신재활시설,다옴공동체,대전광역시,유성구,대전광역시 유성구 원내로 9-8
정신건강기관,정신재활시설,다우리공동생활가정,충청남도,천안시 동남구,충청남도 천안시 동남구 고재15길 19-4
정신건강기관,정신재활시설,다원공동체,대전광역시,유성구,대전광역시 유성구 진잠옛로 135번길 115
정신건강기관,정신재활시설,다정다감,경기도,평택시,"경기도 평택시 점촌1로 6번길 60, 신성공원빌라 302호(서정동)"
정신건강기관,정신재활시설,다정이네,서울특별시,종로구,"서울특별시 종로구 세검정로 7가길 18, 301호"
정신건강기관,정신재활시설,다함정신건강 상담센터,서울특별시,성북구,"서울특별시 성북구 보문로34길 39, 4층"
정신건강기관,기초정신건강복지센터,단국대학교 의과대학 부속병원,경기도,안성시,경기도 안성시 강변로 74번길 18 안성시보건소 4층
정신건강기관,기초정신건강복지센터,단양군 정신건강복지센터,충청북도,단양군,충청북도 단양군 단양읍 삼봉로 53
정신건강기관,정신재활시설,달구벌정신 건강센터,대구광역시,동구,"대구광역시 동구 신성로 63, 3층(신암동)"
정신건강기관,정신재활시설,달성정신재활센터 해피하우스,대구광역시,달성군,"대구광역시 달성군 화원읍 성화로 20, 2층"
정신건강기관,정신재활시설,달팽이의 꿈,경기도,안성시,경기도 안성시 금광면 배티로 702-16
정신건강기관,기초정신건강복지센터,담양군 정신건강복지센터,전라남도,담양군,전라남도 담양군 담양읍 완동길 10-11
정신건강기관,정신재활시설,담쟁이,경기도,성남시 중원구,경기도 성남시 중원구 자혜로 16번길 45-6 202호 럭키아트빌
정신건강기관,기초정신건강복지센터,당진시 정신건강복지센터,충청남도,당진시,충청남도 당진시 서부로 56
정신건강기관,중독관리통합지원센터,대구가톨릭 사회복지회,대구광역시,달서구,대구광역시 달서구 학산로 50 
정신건강기관,중독관리통합지원센터,대구가톨릭 사회복지회,경상북도,구미시,경상북도 구미시 검성로 115-1
정신건강기관,기초정신건강복지센터,대구가톨릭대학교,대구광역시,동구,"대구광역시 동구 동촌로79, 동구보건소4층 "
정신건강기관,광역정신건강복지센터,대구가톨릭대학교의료원,대구광역시,남구,대구광역시 남구 두류공원로 17길 대구가톨릭대학교병원 내 라파엘관 5층
정신건강기관,정신요양시설,대구광역시립희망원 아름마을,대구광역시,달성군,대구광역시 달성군 화원읍 명천로 58
정신건강기관,자살예방센터,대구광역자살예방센터,대구광역시,남구,대구광역시 남구 두류공원로 17길 33 대구가톨릭대학교병원 라파엘관 5층
정신건강기관,정신재활시설,대구대학교 정신건강상담센터,경상북도,경산시,경상북도 경산시 진량읍 대구대로 201 대구대학교 경산캠퍼스 조형예술대학 3호관 1층
정신건강기관,정신재활시설,대구위니스,대구광역시,북구,대구광역시 북구 옥산로 49 상미빌딩 3층
정신건강기관,기초정신건강복지센터,대구의료원,대구광역시,서구,대구광역시 서구 북비산로71길7 2층
정신건강기관,정신재활시설,대구재활센터,대구광역시,달서구,대구광역시 달서구 성서공단북로 124
정신건강기관,기초정신건강복지센터,대구정신병원,대구광역시,달서구,대구광역시 달서구 학산로 50 월성문화관 내
정신건강기관,정신재활시설,대구정신장애인 종합재활센터 미래엔미소클럽,대구광역시,서구,"대구광역시 서구 옥산로 6길 9, 4층"
정신건강기관,정신재활시설,대길엘림,서울특별시,금천구,"서울특별시 금천구 시흥대로 54길 19, 301호"
정신건강기관,정신재활시설,대길푸른초장,서울특별시,영등포구,서울특별시 영등포구 영등포로 84길 4-14
정신건강기관,정신요양시설,대성그린빌,경상북도,안동시,경상북도 안동시 임하면 진사리길 14
정신건강기관,정신재활시설,대성재활센터,경상북도,안동시,경상북도 안동시 임하면 고곡길260
정신건강기관,기초정신건강복지센터,대원대학교 산학협력단,충청북도,제천시,충청북도 제천시 의림대로242 보건복지센터 3층
정신건강기관,기초정신건강복지센터,대전 중구정신건강복지센터,대전광역시,중구,대전광역시 중구 수도산로 15(대흥동)
정신건강기관,기초정신건강복지센터,대전광역시립정신병원,대전광역시,유성구,"대전광역시 유성구 유성대로 730번길 51, 2층"
정신건강기관,정신요양시설,대전정신요양원,대전광역시,동구,대전광역시 동구 옥천로 315(삼정동)
정신건강기관,중독관리통합지원센터,대한예수교장로회 대전노회유지재단,대전광역시,서구,대전광역시 서구 신갈마로 209번길 25 2층
정신건강기관,정신재활시설,더숲,경기도,수원시 영통구,경기도 수원시 영통구 권광로 290번길 34-5
정신건강기관,정신재활시설,더하임,충청남도,금산군,충청남도 금산군 부리면 무금로 1425
정신건강기관,정신재활시설,도담,서울특별시,동대문구,"서울특별시 동대문구 사가정로 258, 4층"
정신건강기관,정신재활시설,도담도담,경기도,수원시 영통구,경기도 수원시 영통구 영통로 130번길 45 102호
정신건강기관,정신재활시설,도란도란,대전광역시,유성구,"대전광역시 유성구 송강로 15, 104동 202호"
정신건강기관,정신재활시설,도래샘,충청남도,공주시,충청남도 공주시 큰우물길 3-1
정신건강기관,기초정신건강복지센터,도봉구 정신건강복지센터,서울특별시,도봉구,"서울특별시 도봉구 방학로3길 117, 1층"
정신건강기관,자살예방센터,도봉구정신건강복지센터(부설),서울특별시,도봉구,"서울특별시 도봉구 방학로3길 117, 1층"
정신건강기관,정신재활시설,돌봄사랑채,서울특별시,광진구,서울특별시 광진구 아차산로 26길 28
정신건강기관,정신재활시설,동광임파워먼트센터,경기도,부천시 원미구,경기도 부천시 원미구 부일로 191번길 30 동성프라자 701/702호
정신건강기관,광역정신건강복지센터,동국대학교경주병원,경상북도,경주시,"경상북도 경주시 동대로 87, 복지동3층"
정신건강기관,기초정신건강복지센터,동국대학교일산병원,경기도,파주시,경기도 파주시 봉천로 68 파주건강증진센터 1층
정신건강기관,정신재활시설,동그라미,서울특별시,광진구,"서울특별시 광진구 능동로 43길 30-11, 202호"
정신건강기관,정신재활시설,동그라미,경기도,안성시,경기도 안성시 금광면 배티로 702-16
정신건강기관,정신재활시설,동대문아이존,서울특별시,동대문구,서울특별시 동대문구 답십리로 63길 73 형제빌딩 2층
정신건강기관,정신요양시설,동두천요양원,경기도,동두천시,경기도 동두천시 평화로 3208번길 43-15
정신건강기관,정신재활시설,동래직업재활센터,부산광역시,금정구,"부산광역시 금정구 중앙대로 2093, 10층"
정신건강기관,기초정신건강복지센터,동산의료원,대구광역시,달성군,대구광역시 달성군 옥포읍 비슬로 458길 6-2 3층
정신건강기관,광역정신건강복지센터,동아대학교병원,부산광역시,남구,부산광역시 남구 수영로 299 루미너스타원 12층 
정신건강기관,기초정신건강복지센터,동아메디병원,대구광역시,수성구,대구광역시 수성구 수성로 213
정신건강기관,기초정신건강복지센터,동영의료재단 상록병원,부산광역시,동래구,부산광역시 동래구 명륜로 187번길 56 동래구보건소 4층
정신건강기관,기초정신건강복지센터,동작구 정신건강복지센터,서울특별시,동작구,서울특별시 동작구 남부순환로 2025
정신건강기관,정신재활시설,동작아이존,서울특별시,동작구,서울특별시 동작구 국사봉길 109
정신건강기관,기초정신건강복지센터,동해동인병원,강원도,동해시,강원도 동해시 청운로 96(쇄운동) 1층
정신건강기관,기초정신건강복지센터,동해동인병원,강원도,삼척시,강원도 삼척시 척주로 76
정신건강기관,기초정신건강복지센터,동해동인병원,강원도,태백시,"강원도 태백시 태백로 905(황지동,보건소)"
정신건강기관,정신재활시설,동행,대전광역시,중구,대전광역시 중구 유천로 48번길 31(유천동)
정신건강기관,정신재활시설,동행,전라북도,임실군,전라북도 임실군 임실읍 호국로 1716-15
정신건강기관,정신재활시설,두드림마음건강센터,서울특별시,양천구,"서울특별시 양천구 등촌로 194, 4층"
정신건강기관,정신재활시설,두온,경기도,용인시 기흥구,경기도 용인시 기흥구 상갈로23번길 2 204호
정신건강기관,정신재활시설,둥근나래꿈 남성홈,전라북도,익산시,"전라북도 익산시 목천로 229, 3층"
정신건강기관,정신재활시설,둥근나래꿈 여성홈,전라북도,익산시,"전라북도 익산시 목천로 229, 3층"
정신건강기관,정신재활시설,둥근마음,전라북도,익산시,전라북도 익산시 목천로 229
정신건강기관,정신재활시설,드림빌1,대구광역시,남구,대구광역시 남구 중앙대로26길 13 하이디빌 301호
정신건강기관,정신재활시설,드림빌2,대구광역시,남구,대구광역시 남구 중앙대로26길 13 하이디빌 201호
정신건강기관,정신재활시설,드림하우스(구 사랑마을),서울특별시,중랑구,서울특별시 중랑구 망우로74가길 9
정신건강기관,정신재활시설,디딤돌,서울특별시,도봉구,"서울특별시 도봉구 도당로 27길 47, 2층"
정신건강기관,정신재활시설,디딤터,충청북도,청주시 서원구,충청북도 청주시 서원구 현도면 우록4길126
정신건강기관,정신재활시설,라온,경기도,포천시,경기도 포천시 삼육사로 2029 엘리트빌리지 가동
정신건강기관,정신재활시설,라온의 집,충청남도,홍성군,충청남도 홍성군 홍성읍 대내길 97번지
정신건강기관,정신재활시설,라파의 집,충청북도,증평군,충청북도 증평군 증평읍 외룡길32-24
정신건강기관,정신재활시설,로뎀나무,서울특별시,서대문구,"서울특별시 서대문구 증가로24마길 19, 101호"
정신건강기관,정신재활시설,리앤리,인천광역시,연수구,인천광역시 연수구 한나루로 186번길 54
정신건강기관,정신재활시설,리커버리하우스,서울특별시,관악구,"서울특별시 관악구 남부순환로172길 116(신림동), 2층"
정신건강기관,정신요양시설,마산정신요양원,경상남도,창원시 마산합포구,경상남도 창원시 마산합포구 진북면 진북산업로622-60
정신건강기관,정신요양시설,마야정신요양원,경상북도,영천시,경상북도 영천시 북안면 내서로 55-24
정신건강기관,정신재활시설,마음건강,전라북도,전주시 완산구,전라북도 전주시 완산구 권삼득로 40 (1층)
정신건강기관,정신재활시설,마음건강복지관,전라북도,전주시 완산구,전라북도 전주시 완산구 물왕멀2길 20-29 (2~5층)
정신건강기관,정신재활시설,마음건강회복홈,전라북도,전주시 완산구,전라북도 전주시 완산구 물왕멀2길 25
정신건강기관,정신재활시설,마음건강힐링홈,전라북도,전주시 완산구,전라북도 전주시 완산구 물왕멀2길 20-17
정신건강기관,정신재활시설,마음사랑의집,전라북도,정읍시,전라북도 정읍시 수성택지3길 28
정신건강기관,정신재활시설,마음샘정신재활센터,경기도,수원시 장안구,경기도 수원시 장안구 경수대로 754번길 26-17
정신건강기관,기초정신건강복지센터,마음애병원,충청남도,천안시 서북구,"충청남도 천안시 서북구 서부8길 29, 2층"
정신건강기관,정신재활시설,마음자리,서울특별시,양천구,"서울특별시 양천구 목동 중앙남로 16다길 9, 204호"
정신건강기관,정신재활시설,마음자리,인천광역시,남동구,"인천광역시 남동구 경인로 599번길 26-6 좋은하루 다동 201, 202호"
정신건강기관,정신재활시설,마음터,충청남도,천안시 서북구,"충청남도 천안시 서북구 서부8길 10, 3층"
정신건강기관,정신요양시설,마음편한집,충청남도,천안시 동남구,충청남도 천안시 동남구 동면 동산행암길 44-67
정신건강기관,정신재활시설,마인드,서울특별시,동대문구,"서울특별시 동대문구 전농로 38길 35, 2,3층"
정신건강기관,중독관리통합지원센터,마인드병원,대전광역시,대덕구,"대전광역시 대덕구 중리서로 42, 3층 (중리동)"
정신건강기관,정신재활시설,마중물,대전광역시,대덕구,대전광역시 대덕구 중리동로 27번길 14-11
정신건강기관,정신재활시설,맑은샘,서울특별시,강동구,"서울특별시 강동구 구천면로 28길 21, 401호(천호동)"
정신건강기관,정신재활시설,맑은샘사회복귀시설,광주광역시,서구,광주광역시 서구 독립로 200
정신건강기관,정신재활시설,멋진월요일,서울특별시,성동구,서울특별시 성동구 성덕정길 116 4층
정신건강기관,기초정신건강복지센터,메리놀병원,부산광역시,중구,"부산광역시 중구 중구로 70-1, 4층"
정신건강기관,기초정신건강복지센터,명지병원,서울특별시,강서구,서울특별시 강서구 공항대로 561 강서구보건소 지하1층
정신건강기관,정신재활시설,목동하늘샘,서울특별시,양천구,"서울특별시 양천구 목동 중앙남로 9길 28-1, 201호"
정신건강기관,기초정신건강복지센터,목포시 정신건강복지센터,전라남도,목포시,전라남도 목포시 석현로48(2층)
정신건강기관,중독관리통합지원센터,목포시 중독관리통합지원센터,전라남도,목포시,전라남도 목포시 석현로 48(하당보건지소)
정신건강기관,정신재활시설,목화밭,경기도,남양주시,"경기도 남양주시 경춘로양골2길 11-6, B동 201호(금곡동)"
정신건강기관,기초정신건강복지센터,무안군 정신건강복지센터,전라남도,무안군,전라남도 무안군 무안읍 무안로 530
정신건강기관,기초정신건강복지센터,무주군 정신건강복지센터,전라북도,무주군,전라북도 무주군 무주읍 한풍루로 413
정신건강기관,정신재활시설,무주리(술없는마을),강원도,동해시,"강원도 동해시 월평로49, 규수방 아파트 102동 504호"
정신건강기관,정신재활시설,무지개둥지,서울특별시,은평구,서울특별시 은평구 연서로 45-2
정신건강기관,정신요양시설,무지개마을,제주특별자치도,제주시,제주특별자치도 제주시 아봉로 449-1 (월평동)
정신건강기관,기초정신건강복지센터,문경대학교,경상북도,문경시,경상북도 문경시 신흥로 165(2층)
정신건강기관,기초정신건강복지센터,미래병원,전라북도,김제시,전라북도 김제시 성산길 138
정신건강기관,정신재활시설,미래지움,대구광역시,북구,대구광역시 북구 대학로 61-1
정신건강기관,정신재활시설,미추홀하우스,인천광역시,미추홀구,인천광역시 미추홀구 경인로 268번길 33-13
정신건강기관,중독관리통합지원센터,민들레병원,경기도,파주시,경기도 파주시 조리읍 봉천로 68
정신건강기관,기초정신건강복지센터,밀양시 정신건강복지센터,경상남도,밀양시,경상남도 밀양시 삼문중앙로 41
정신건강기관,정신재활시설,바람숲,경기도,김포시,"경기도 김포시 대서명로 8번길 21, 형우이즈뷰 나동"
정신건강기관,정신요양시설,박애원,경기도,고양시 일산동구,경기도 고양시 일산동구 상지석길 441
정신건강기관,정신재활시설,밝은길,서울특별시,중랑구,"서울특별시 중랑구 상봉중앙로 5가길 48, 2층"
정신건강기관,정신재활시설,밝은세상,대전광역시,중구,대전광역시 중구 대종로449 (대흥동)
정신건강기관,정신요양시설,방주의 집,세종특별자치시,전동면,세종특별자치시 전동면 솔티로 293-3
정신건강기관,정신재활시설,버팀목,대전광역시,중구,대전광역시 중구 문창로 123(문창동)
정신건강기관,기초정신건강복지센터,벌교삼호병원,전라남도,보성군,전라남도 보성군 송재로 153. 2층
정신건강기관,정신재활시설,베네스트마음 건강센터,대구광역시,달서구,"대구광역시 달서구 학산로246(송현2동), 삼정빌딩 2층"
정신건강기관,정신재활시설,벧엘의사닥다리,경상북도,포항시 남구,경상북도 포항시 남구 청림서길 35번길 2 미성빌라 403호
정신건강기관,정신재활시설,벧엘클럽하우스,경상남도,양산시,경상남도 양산시 상북면 수서로 349-94
정신건강기관,정신재활시설,별뜰,충청북도,옥천군,충청북도 옥천군 옥천읍 삼청3길 40
정신건강기관,정신재활시설,별자리,강원도,원주시,강원도 원주시 소초면 둔둔로 217-19
정신건강기관,정신재활시설,보금자리,대전광역시,유성구,"대전광역시 유성구 유성대로 694번길 95, 3층(봉명동)"
정신건강기관,정신재활시설,보금자리,충청남도,아산시,충청남도 아산시 초사길 3-88
정신건강기관,정신재활시설,보듬자리,부산광역시,금정구,부산광역시 금정구 금샘로 52
정신건강기관,정신재활시설,보람의집,충청남도,논산시,충청남도 논산시 연산면 한전2길 45-13
정신건강기관,기초정신건강복지센터,보령시 정신건강복지센터,충청남도,보령시,충청남도 보령시 보령남로 234
정신건강기관,정신재활시설,보배정신건강상담센터,전라북도,익산시,전라북도 익산시 인북로2길 53
정신건강기관,중독관리통합지원센터,보은병원,광주광역시,광산구,광주광역시 광산구 상무대로 239-1
정신건강기관,기초정신건강복지센터,보은병원,전라남도,화순군,전라남도 화순군 화순읍 쌍충로 62 화순군보건소 3층
정신건강기관,기초정신건강복지센터,보은성모병원,충청북도,보은군,충청북도 보은군 보은읍 동광길 45
정신건강기관,중독관리통합지원센터,복지와 사람들,서울특별시,구로구,"서울특별시 구로구 새말로 60, 재중요양병원 별관 지층"
정신건강기관,정신재활시설,부산광역시 정신재활시설,부산광역시,사상구,부산광역시 사상구 학감대로 39번길 104-36 3층(학장동)
정신건강기관,자살예방센터,부산광역자살예방센터,부산광역시,남구,부산광역시 남구 수영로 299 루미너스빌딩 12층
정신건강기관,기초정신건강복지센터,부산대학교 산학협력단,부산광역시,북구,부산광역시 북구 만덕대로 89번길 9
정신건강기관,중독관리통합지원센터,부산대학교병원,부산광역시,서구,부산광역시 서구 구덕로 179 융합의학연구동 2층
정신건강기관,정신재활시설,부산소테리아하우스,부산광역시,사상구,부산광역시 사상구 삼덕로 59(덕포동)
정신건강기관,중독관리통합지원센터,부산시립정신병원,부산광역시,사상구,"부산광역시 사상구 모라로110번길 85, 주공1단지 나상가 2층 (모라동)"
정신건강기관,기초정신건강복지센터,부산정신병원,부산광역시,사하구,"부산광역시 사하구 장림번영로 41, 한국메디컬빌딩 5층"
정신건강기관,기초정신건강복지센터,부여군 정신건강복지센터,충청남도,부여군,충청남도 부여군 부여읍 성왕로 205
정신건강기관,정신재활시설,부천공동희망학교,경기도,부천시,경기도 부천시 수도로 40-1 2층
정신건강기관,자살예방센터,부천시자살예방센터,경기도,부천시,경기도 부천시 성오로 172 오정 어울마당 3층
정신건강기관,기초정신건강복지센터,부평정신건강복지센터,인천광역시,부평구,"인천광역시 부평구 부흥로 287, 보건소 별관2층"
정신건강기관,정신요양시설,부활원,충청북도,옥천군,충청북도 옥천군 군북면 이백6길 109
정신건강기관,기초정신건강복지센터,분당서울대학교병원,경기도,성남시 수정구,경기도 성남시 수정구 수정로218 수정구보건소 5층
정신건강기관,기초정신건강복지센터,분당서울대학교병원,경기도,성남시 수정구,경기도 성남시 수정구 수정로 218 수정구보건소 4층
정신건강기관,정신재활시설,뷰티플마인드,대전광역시,동구,대전광역시 동구 비래서로42번길 134 1층
정신건강기관,정신재활시설,브솔시냇가,경상북도,포항시 남구,"경상북도 포항시 남구 상공로204, 2층"
정신건강기관,정신재활시설,비콘,대구광역시,남구,대구광역시 남구 현충로 98
정신건강기관,정신재활시설,비타민,충청남도,천안시 서북구,충청남도 천안시 서북구 월봉7길 54 상문빌딩 4층
정신건강기관,정신재활시설,빛고을베델,광주광역시,북구,"광주광역시 북구 우치로 238번길 28, 드림빌 503호"
정신건강기관,정신재활시설,빛고을보건복지센터,광주광역시,서구,광주광역시 서구 상무대로 916번길 4-3
정신건강기관,정신요양시설,빛고을정신요양원,전라남도,나주시,전라남도 나주시 다도면 다도로 287-22
정신건강기관,기초정신건강복지센터,사람이소중한병원,울산광역시,북구,울산광역시 북구 산업로 1018 북구보건소 2층
정신건강기관,기초정신건강복지센터,사람이소중한병원,울산광역시,중구,울산광역시 중구 외솔큰길 225 중구보건소 3층
정신건강기관,정신재활시설,사랑나눔,경기도,화성시,"경기도 화성시 복만터길 72번길, 7-18"
정신건강기관,정신재활시설,사랑마을,경상남도,진주시,경상남도 진주시 문산읍 제곡길98번길 30
정신건강기관,정신재활시설,사랑밭,경기도,화성시,경기도 화성시 10용사로 661-69
정신건강기관,정신재활시설,사랑샘,전라남도,순천시,전라남도 순천시 강변로977
정신건강기관,정신재활시설,사랑의집,경상북도,김천시,경상북도 김천시 어모면 신애길142
정신건강기관,정신재활시설,사랑채,대전광역시,서구,대전광역시 서구 정림동로 29-11(정림동)
정신건강기관,정신재활시설,사직클럽하우스,부산광역시,동래구,부산광역시 동래구 쇠미로 179 1층(온천동)
정신건강기관,기초정신건강복지센터,사천시 정신건강복지센터,경상남도,사천시,경상남도 사천시 용현면 진삼로 637
정신건강기관,기초정신건강복지센터,산청군 정신건강복지센터,경상남도,산청군,경상남도 산청군 산청읍 중앙로 97
정신건강기관,정신요양시설,삼정원,전라북도,익산시,전라북도 익산시 금마면 쌍능길 145
정신건강기관,정신요양시설,상록원,충청북도,청주시 상당구,충청북도 청주시 상당구 산성로 658번길 301 
정신건강기관,기초정신건강복지센터,상주제일병원,경상북도,상주시,경상북도 상주시 경상대로3023
정신건강기관,정신재활시설,새동네,경기도,오산시,경기도 오산시 현충로 72번길 14 우성그린빌라 104동 102호
정신건강기관,정신재활시설,새로돋는집,서울특별시,관악구,"서울특별시 관악구 대학 18길 41, 401호"
정신건강기관,정신재활시설,새롬마을,서울특별시,노원구,"서울특별시 노원구 동일로 237다길 43, 201호(상계동)"
정신건강기관,정신재활시설,새롬채,전라남도,영광군,전라남도 영광군 영광읍 신남로 264-4
정신건강기관,정신재활시설,새마음정신문화센터,울산광역시,남구,"울산광역시 남구 화합로 105, 로하스빌딩 6층"
정신건강기관,정신재활시설,새벗클럽하우스,서울특별시,강서구,"서울특별시 강서구 강서로52길 88 참빛빌딩 3, 4층"
정신건강기관,정신재활시설,새봄,경기도,수원시 팔달구,경기도 수원시 팔달구 경수대로 480번길 11-1
정신건강기관,기초정신건강복지센터,새빛병원,경상북도,경주시,경상북도 경주시 양저로 300(경주시 보건소 2층)
정신건강기관,기초정신건강복지센터,새샘병원,경기도,과천시,경기도 과천시 관문로 69 과천시보건소 1층
정신건강기관,정신재활시설,새오름터,서울특별시,은평구,서울특별시 은평구 연서로22길 4(대조동)
정신건강기관,기초정신건강복지센터,새움병원,서울특별시,금천구,서울특별시 금천구 시흥대로 123길 11 5층
정신건강기관,정신재활시설,새희망둥지,경기도,고양시 일산동구,경기도 고양시 일산동구 상지석길 443
정신건강기관,중독관리통합지원센터,새희망병원,인천광역시,남동구,"인천광역시 남동구 구월로 320, 4층"
정신건강기관,정신재활시설,새희망재활센터,경상북도,영주시,경상북도 영주시 반지미로 275-11
정신건강기관,정신요양시설,새희망힐링스,경상북도,영주시,경상북도 영주시 반지미로 275-15
정신건강기관,정신요양시설,생림정신요양원,경상남도,김해시,경상남도 김해시 생림면 인제로775
정신건강기관,정신재활시설,생명의터,대전광역시,동구,대전광역시 동구 동부로56-7(판암동) 56-7
정신건강기관,정신재활시설,샤론의집,충청남도,예산군,충청남도 예산군 예산읍 간양길 256
정신건강기관,정신재활시설,샹가,서울특별시,서대문구,"서울특별시 서대문구 증가로10길 16-4, 302호"
정신건강기관,기초정신건강복지센터,서귀포시 정신건강복지센터,제주특별자치도,서귀포시,제주특별자치도 서귀포시 중앙로 101번길 52 서귀포보건소
정신건강기관,중독관리통합지원센터,서귀포시 중독관리통합지원센터,제주특별자치도,서귀포시,제주특별자치도 서귀포시 중앙로 101번길 52
정신건강기관,정신재활시설,서대문 해벗누리,서울특별시,서대문구,서울특별시 서대문구 모래내로173
정신건강기관,기초정신건강복지센터,서대문구 정신건강복지센터,서울특별시,서대문구,"서울특별시 서대문구 연희로 290, 4층"
정신건강기관,정신재활시설,서대문아이존,서울특별시,서대문구,서울특별시 서대문구 연희로26 동방사회복지회 2층 
정신건강기관,정신재활시설,서로돕는마을,전라북도,김제시,전라북도 김제시 금구면 낙산1길46
정신건강기관,기초정신건강복지센터,서산시 정신건강복지센터,충청남도,서산시,충청남도 서산시 호수공원6로 6
정신건강기관,정신재활시설,서울다르크,서울특별시,양천구,서울특별시 양천구 목동 중앙본로 7가길 19-7 다나네스트빌 103호
정신건강기관,기초정신건강복지센터,서울대병원,서울특별시,종로구,서울특별시 종로구 성균관로 15길 10
정신건강기관,기초정신건강복지센터,서울대병원,서울특별시,중구,서울특별시 중구 서소문로 6길 16 3층
정신건강기관,정신요양시설,서울시립 영보정신요양원,경기도,용인시 처인구,경기도 용인시 처인구 이동읍 이원로 483
정신건강기관,자살예방센터,서울시자살예방센터,서울특별시,구로구,"서울특별시 구로구 가마산로 272, 5층"
정신건강기관,정신재활시설,서울우리집,서울특별시,강동구,"서울특별시 강동구 상일로 25길 7-12, 201호"
정신건강기관,광역정신건강복지센터,서울의료원,서울특별시,종로구,"서울특별시 종로구 동숭3길 40 일석기념관 3,4층"
정신건강기관,기초정신건강복지센터,서울의료원,서울특별시,중랑구,서울특별시 중랑구 면목로238 중랑구민회관 1층
정신건강기관,정신요양시설,서울정신요양원,경기도,양주시,경기도 양주시 장흥면 가마골로 258번길122
정신건강기관,기초정신건강복지센터,서인병원,강원도,양구군,강원도 양구군 양구읍 관공서로42 보건소4층
정신건강기관,중독관리통합지원센터,서진복지재단,서울특별시,도봉구,"서울특별시 도봉구 방학로 53, 백윤빌딩 2층"
정신건강기관,기초정신건강복지센터,서진복지재단,인천광역시,부평구,인천광역시 부평구 삼산동 평천로447 
정신건강기관,기초정신건강복지센터,서천군 정신건강복지센터,충청남도,서천군,충청남도 서천군 서천읍 사곡길 26
정신건강기관,기초정신건강복지센터,서초구 정신건강복지센터,서울특별시,서초구,서울특별시 서초구 염곡말길 9 느티나무쉼터 3층
정신건강기관,정신재활시설,서초아이존,서울특별시,서초구,서울특별시 서초구 방배로173 지하1층
정신건강기관,정신재활시설,서초열린세상,서울특별시,서초구,"서울특별시 서초구 신반포로33 길22, 반포종합사회 복지관410호"
정신건강기관,정신재활시설,서희,경기도,수원시 팔달구,경기도 수원시 팔달구 동말로47번길 33-1
정신건강기관,정신재활시설,선재원,충청남도,천안시 동남구,충청남도 천안시 동남구 청수7로 9-4
정신건강기관,정신재활시설,섭리가정,대전광역시,서구,"대전광역시 서구 관저로83, 신선마을아파트 205동 201호"
정신건강기관,정신재활시설,섭리그룹홈,대전광역시,서구,"대전광역시 서구 관저로 48, 구봉마을 704동 101호"
정신건강기관,정신재활시설,섭리행복가정,대전광역시,서구,"대전광역시 서구 관저로 48, 구봉마을 702동 309호"
정신건강기관,중독관리통합지원센터,성남사랑의병원,경기도,성남시 수정구,경기도 성남시 수정구 수정로 218 수정구보건소 5층
정신건강기관,자살예방센터,성남시자살예방센터,경기도,성남시 수정구,경기도 성남시 수정구 수정로 218 수정구보건소 5층
정신건강기관,기초정신건강복지센터,성동병원,대구광역시,북구,"대구광역시 북구 성북로 43, 4층"
정신건강기관,정신재활시설,성모 다움,서울특별시,성동구,서울특별시 성동구 청계천로 506 성동종합사회복지관 4층
정신건강기관,정신요양시설,성부정신수양원,대구광역시,북구,대구광역시 북구 복현로 34길 18-17
정신건강기관,기초정신건강복지센터,성북구 정신건강복지센터,서울특별시,성북구,서울특별시 성북구 화랑로 63
정신건강기관,자살예방센터,성북구자살예방센터,서울특별시,성북구,"서울특별시 성북구 오패산로 21, 4층"
정신건강기관,정신요양시설,성산정신요양원,전라남도,무안군,전라남도 무안군 삼향읍 유교길 101
정신건강기관,기초정신건강복지센터,성안드레아병원,경기도,이천시,경기도 이천시 이섭대천로1119 이천상공회의소 2층 
정신건강기관,정신요양시설,성애원,울산광역시,울주군,울산광역시 울주군 남명리1길 34-48
정신건강기관,기초정신건강복지센터,성은의료재단 연산병원,부산광역시,연제구,"부산광역시 연제구 연제로 2, 연제구보건소 2층"
정신건강기관,정신재활시설,성일유엔아이,전라북도,남원시,전라북도 남원시 사매면 춘향로 822-129
정신건강기관,기초정신건강복지센터,성주군 정신건강복지센터,경상북도,성주군,경상북도 성주군 성주읍 성밖숲길 12
정신건강기관,정신요양시설,성지드림빌,충청남도,논산시,충청남도 논산시 연산면 한전2길 45-14
정신건강기관,정신요양시설,세광정신요양원,경기도,용인시 처인구,경기도 용인시 처인구 백암면 용천로 71번길 54
정신건강기관,정신재활시설,세움공동체,충청남도,계룡시,충청남도 계룡시 엄사면 번영8길 15-2
정신건강기관,정신재활시설,세잎클로버,대구광역시,동구,대구광역시 동구 해동로 8길 41(지저동)
정신건강기관,정신재활시설,세친구,경기도,부천시,경기도 부천시 송내대로 42번길 62 나동 410호
정신건강기관,정신재활시설,소담,서울특별시,강북구,"서울특별시 강북구 한천로 166길 30, 3층(수유동)"
정신건강기관,정신재활시설,소망나래,충청북도,청주시 서원구,충청북도 청주시 서원구 수영로59번길 18-1(수곡동)
정신건강기관,정신재활시설,소망나무,서울특별시,광진구,서울특별시 광진구 능동로 50길 8 2층
정신건강기관,정신요양시설,소망의집,인천광역시,서구,인천광역시 서구 심곡로 132번길 22
정신건강기관,정신재활시설,소망의집,대전광역시,서구,대전광역시 서구 실미길 116(우명동)
정신건강기관,정신재활시설,소망의집,전라북도,진안군,전라북도 진안군 진안읍 원반월안길 39-2
정신건강기관,정신재활시설,소망홈,서울특별시,광진구,서울특별시 광진구 천호대로 113길 29
정신건강기관,정신재활시설,소명,충청남도,천안시 동남구,충청남도 천안시 동남구 양지4길 47
정신건강기관,정신재활시설,소중한사람들,경상북도,칠곡군,경상북도 칠곡군 왜관읍 금남5길 60
정신건강기관,정신요양시설,소화누리,광주광역시,남구,광주광역시 남구 용대로74번길 27
정신건강기관,정신재활시설,소화햇살둥지,광주광역시,남구,"광주광역시 남구 봉선1로 86, 모아아파트 102동 817호"
정신건강기관,기초정신건강복지센터,속초시정신건강복지센터,강원도,속초시,강원도 속초시 중앙로17번길 6 (교동) 
정신건강기관,정신재활시설,송광정신재활센터,광주광역시,광산구,광주광역시 광산구 우산로 17
정신건강기관,정신재활시설,송국클럽하우스,부산광역시,해운대구,부산광역시 해운대구 우동1로 57 대영빌딩 2.3층
정신건강기관,정신요양시설,송원정신요양원,경상남도,양산시,경상남도 양산시 하북면 양산대로 1870-63
정신건강기관,정신재활시설,송이네집,서울특별시,광진구,서울특별시 광진구 능동로 48 가길 7-11
정신건강기관,기초정신건강복지센터,송추정신병원,경기도,양주시,경기도 양주시 삼숭로 61번길10
정신건강기관,기초정신건강복지센터,송파구 정신건강복지센터,서울특별시,송파구,서울특별시 송파구 양산로 5
정신건강기관,자살예방센터,송파구정신건강복지센터,서울특별시,송파구,서울특별시 송파구 양산로 5
정신건강기관,정신재활시설,송파아이존,서울특별시,송파구,서울특별시 송파구 장지동 충민로 6길 17
정신건강기관,정신재활시설,송파어우러기,서울특별시,송파구,"서울특별시 송파구 백제고분로 446, 204호"
정신건강기관,정신재활시설,수린목,서울특별시,구로구,서울특별시 구로구 고척로3길 99 대하쉐르빌 9동 101호
정신건강기관,정신재활시설,수성베네스트,대구광역시,수성구,대구광역시 수성구 수성로 285
정신건강기관,기초정신건강복지센터,수원시성인정신건강복지센터,경기도,수원시 팔달구,경기도 수원시 팔달구 매산로 89 2층 
정신건강기관,자살예방센터,수원시자살예방센터,경기도,수원시 팔달구,경기도 수원시 팔달구 동말로 47번길 17
정신건강기관,중독관리통합지원센터,수인복지재단,대구광역시,동구,대구광역시 동구 아양로 246-1(3층)
정신건강기관,기초정신건강복지센터,순천시 정신건강복지센터,전라남도,순천시,전라남도 순천시 중앙로 232 순천시보건소 3층
정신건강기관,기초정신건강복지센터,순천향대학교부속 부천병원,경기도,부천시,경기도 부천시 성오로 172 오정어울마당 3층
정신건강기관,정신재활시설,숭인사회복귀시설,경상남도,양산시,경상남도 양산시 모래들1길 91
정신건강기관,정신재활시설,쉐어하우스,경기도,부천시,경기도 부천시 소사로126번길 59-7 2층
정신건강기관,정신재활시설,쉼터공동체,대전광역시,유성구,대전광역시 유성구 세동로474-35
정신건강기관,정신재활시설,스롤라인,서울특별시,용산구,서울특별시 용산구 백범로 90길 이레빌딩 1층
정신건강기관,정신요양시설,스마일빌,전라북도,남원시,전라북도 남원시 대면대곡 신계길397
정신건강기관,정신요양시설,승우정신요양원,경기도,오산시,경기도 오산시 가장산업동로 69-9
정신건강기관,정신요양시설,시일건강타운,전라남도,장성군,전라남도 장성군 북하면 백양로 445
정신건강기관,자살예방센터,시흥시자살예방센터,경기도,시흥시,경기도 시흥시 호현로 55 
정신건강기관,정신요양시설,신생원,대전광역시,유성구,대전광역시 유성구 진잠옛로 135번길 115
정신건강기관,기초정신건강복지센터,신세계효병원,전라북도,부안군,전라북도 부안군 부안읍 오리정로 124
정신건강기관,기초정신건강복지센터,신세광의료재단 세광병원,울산광역시,울주군,울산광역시 울주군 서향교1길 67-122층
정신건강기관,기초정신건강복지센터,신한대학교,경기도,동두천시,경기도 동두천시 중앙로 167
정신건강기관,정신요양시설,신혜힐링타운,전라남도,해남군,전라남도 해남군 해남읍 중앙1로 391
정신건강기관,정신요양시설,심경장원,대전광역시,유성구,대전광역시 유성구 진잠옛로 222-170
정신건강기관,정신재활시설,아가페하우스,광주광역시,북구,"광주광역시 북구 양지택지로 37번길 30, 가람하이빌 401~404호"
정신건강기관,정신재활시설,아람터,경기도,수원시 장안구,"경기도 수원시 장안구 광교산로 138번길34, 8동 201호"
정신건강기관,정신재활시설,아름다운교회 사랑의집,서울특별시,강북구,서울특별시 강북구 도봉로 71가길 27(수유동)
정신건강기관,정신재활시설,아름다운세상,서울특별시,구로구,서울특별시 구로구 고척로 52라길 11-23
정신건강기관,정신재활시설,아름다운세상,경기도,시흥시,"경기도 시흥시 군자로 466번길 37, 거모종합사회복지관 내 2층"
정신건강기관,정신재활시설,아름다운세상,전라북도,전주시 덕진구,전라북도 전주시 덕진구 아중7길 9-5
정신건강기관,정신재활시설,아름다운집,전라북도,전주시 덕진구,전라북도 전주시 덕진구 인교9길11 아중지1 401호
정신건강기관,정신재활시설,아름드리,서울특별시,양천구,"서울특별시 양천구 남부순환로 59길 16-1, 201호"
정신건강기관,정신재활시설,아름드리,대전광역시,중구,대전광역시 중구 대흥로 87(대흥동)
정신건강기관,정신재활시설,아미정신건강센터,부산광역시,서구,부산광역시 서구 아미로12번길 25
정신건강기관,기초정신건강복지센터,아산시 정신건강복지센터,충청남도,아산시,충청남도 아산시 번영로 224번길 20
정신건강기관,중독관리통합지원센터,아산시 중독관리통합지원센터,충청남도,아산시,충청남도 아산시 번영로 224번길 20
정신건강기관,정신재활시설,아산장애인 직업재활센터,충청남도,아산시,충청남도 아산시 번영로 169번길 13-1
정신건강기관,기초정신건강복지센터,아주대학교의료원,경기도,수원시 장안구,"경기도 수원시 장안구 송원로101, 1층(조원동, 장안구청)"
정신건강기관,기초정신건강복지센터,아주대학교의료원,경기도,수원시 팔달구,경기도 수원시 팔달구 동말로 47번길 17
정신건강기관,기초정신건강복지센터,아주대학교의료원,경기도,수원시 영통구,경기도 수원시 영통구 영통로396 (영통구보건소) 4층
정신건강기관,기초정신건강복지센터,안동병원,경상북도,안동시,경상북도 안동시 경동로 663 남부빌딩 2층
정신건강기관,자살예방센터,안산시자살예방센터,경기도,안산시 상록구,경기도 안산시 상록구 차돌배기로1길 5 상록수보건소 3층
정신건강기관,정신재활시설,알코올의존자 사회복귀시설 까리따스,서울특별시,서초구,서울특별시 서초구 남부순환로 2124번지 까리따스 방배종합사회복지관 4층
정신건강기관,중독관리통합지원센터,양산부산대학교병원,경상남도,양산시,"경상남도 양산시 중앙로 7-32, 4층(다방동, 양산시보건복지센터)"
정신건강기관,기초정신건강복지센터,양양군정신건강복지센터,,,양양군 양양읍 양양로 9-5(양양군보건소2층)
정신건강기관,정신재활시설,양천아이존,서울특별시,양천구,서울특별시 양천구 화곡로 47
정신건강기관,기초정신건강복지센터,양평군 정신건강복지센터,경기도,양평군,경기도 양평군 양평읍 중앙로 111번길 34-21(3층)
정신건강기관,자살예방센터,양평군자살예방센터,경기도,양평군,경기도 양평군 양평읍 중앙로 111번길 34-21 3층
정신건강기관,정신재활시설,어깨동무,서울특별시,중랑구,"서울특별시 중랑구 동일로92길 39-2,1 2층"
정신건강기관,정신재활시설,어울림,서울특별시,중랑구,"서울특별시 중랑구 용마산로331-1 401, 402"
정신건강기관,정신재활시설,어울림,대전광역시,서구,"대전광역시 서구 도마로25번길 54, 201호(도마동)"
정신건강기관,정신재활시설,어울림,경상북도,경주시,경상북도 경주시 석장1길 29-36.101호
정신건강기관,정신재활시설,어울림2,경상북도,경주시,경상북도 경주시 석장1길 29-36.405호
정신건강기관,정신재활시설,에버그린하우스,서울특별시,은평구,서울특별시 은평구 갈현로 29길 51 예성베르빌B01호 
정신건강기관,기초정신건강복지센터,여수시 정신건강복지센터,전라남도,여수시,전라남도 여수시 시청서4길 47(학동)
정신건강기관,중독관리통합지원센터,여수시 중독관리통합지원센터,전라남도,여수시,전라남도 여수시 시청서 4길 47
정신건강기관,정신재활시설,여울목,서울특별시,강서구,"서울특별시 강서구 화곡로 13길 66-28, 301호"
정신건강기관,기초정신건강복지센터,여주대학교 산학협력단,경기도,여주시,경기도 여주시 세종로 338번지 여주대학교 대학본부 2층
정신건강기관,자살예방센터,여주시자살예방센터,경기도,여주시,경기도 여주시 세종로 338
정신건강기관,기초정신건강복지센터,연세대학교 산학협력단,강원도,평창군,강원도 평창군 평창읍 종부로61
정신건강기관,기초정신건강복지센터,연세대학교 원주산학협력단,강원도,원주시,강원도 원주시 원일로139 시민문화센터 4층
정신건강기관,기초정신건강복지센터,연세대학교 원주산학협력단,강원도,횡성군,강원도 횡성군 횡성읍 횡성로 379
정신건강기관,중독관리통합지원센터,연세대학교 원주산학협력단,강원도,원주시,강원도 원주시 원일로139
정신건강기관,정신재활시설,연수새누리,인천광역시,연수구,"인천광역시 연수구 앵고개로 183, 남동부수도사업소 2층"
정신건강기관,정신재활시설,열린세상,서울특별시,양천구,"서울특별시 양천구 남부순환로 450, 301호"
정신건강기관,기초정신건강복지센터,영광기독신하병원,전라북도,고창군,전라북도 고창군 전봉준로90
정신건강기관,기초정신건강복지센터,영광기독신하병원,전라남도,영광군,전라남도 영광군 영광읍 신남로 4길 17
정신건강기관,정신재활시설,영광사회복귀시설,전라남도,영광군,전라남도 영광군 영광읍 신남로 268
정신건강기관,기초정신건강복지센터,영남대학교의료원,대구광역시,남구,대구광역시 남구 대명2동 영선길34 남구보건소 4층
정신건강기관,정신요양시설,영남정신요양원,경상북도,김천시,경상북도 김천시 어모면 작점로640
정신건강기관,기초정신건강복지센터,영덕군 정신건강복지센터,경상북도,영덕군,경상북도 영덕군 영덕읍 경동로 8367
정신건강기관,기초정신건강복지센터,영동군 정신건강복지센터,충청북도,영동군,충청북도 영동군 영동읍 반곡동길 7 영동군보건소
정신건강기관,기초정신건강복지센터,영등포구 정신건강복지센터,서울특별시,영등포구,"서울특별시 영등포구 당산로 123, 영등포구보건소 4층 "
정신건강기관,정신재활시설,영등포아이존,서울특별시,영등포구,"서울특별시 영등포구 영등포로 84길 24-14, 2층"
정신건강기관,정신요양시설,영생원,충청북도,옥천군,충청북도 옥천군 옥천읍 삼청3길 34
정신건강기관,기초정신건강복지센터,영양군 정신건강복지센터,경상북도,영양군,경상북도 영양군 영양읍 동서대로 82
정신건강기관,기초정신건강복지센터,영월군 정신건강복지센터,강원도,영월군,강원도 영월군 영월읍 하송로 46-43 1층
정신건강기관,기초정신건강복지센터,영주시 정신건강복지센터,경상북도,영주시,경상북도 영주시 영주로 159번길 73 영주시치매안심센터 2층
정신건강기관,기초정신건강복지센터,영파의료재단 마음향기병원,부산광역시,금정구,부산광역시 금정구 중앙대로 1777 금정구청 별관 5층
정신건강기관,기초정신건강복지센터,예미담요양병원,충청북도,진천군,충청북도 진천군 진천읍 중앙북1길 11-8 진천군보건소 별관 2층
정신건강기관,기초정신건강복지센터,예산군 정신건강복지센터,충청남도,예산군,충청남도 예산군 예산읍 군청로 22
정신건강기관,정신요양시설,예산정신요양원,충청남도,예산군,충청남도 예산군 예산읍 간양길 258
정신건강기관,정신재활시설,예스홈,서울특별시,도봉구,서울특별시 도봉구 우이천로 38 나길 53
정신건강기관,기초정신건강복지센터,예천군 정신건강복지센터,경상북도,예천군,경상북도 예천군 예천읍 충효로 424
정신건강기관,정신재활시설,예체르하우스,서울특별시,강서구,서울특별시 강서구 강서로 18아길 25-14 201호
정신건강기관,정신요양시설,오석산정신요양원,충청남도,부여군,충청남도 부여군 부여읍 청마로 61
정신건강기관,중독관리통합지원센터,온사랑병원,부산광역시,해운대구,"부산광역시 해운대구 반송로853, 반송보건지소1층"
정신건강기관,기초정신건강복지센터,완도군 정신건강복지센터,전라남도,완도군,전라남도 완도군 완도읍 농공단지길 34
정신건강기관,정신재활시설,요셉의집,경상북도,청도군,경상북도 청도군 이서면 서원길 3-140
정신건강기관,정신재활시설,요한빌리지,광주광역시,남구,광주광역시 남구 방림로 5(방림동)
정신건강기관,기초정신건강복지센터,용산구 정신건강복지센터,서울특별시,용산구,서울특별시 용산구 녹사평대로150 용산보건소1층
정신건강기관,정신재활시설,용산새빛,서울특별시,용산구,서울특별시 용산구 원효로 35길 1-22 
정신건강기관,자살예방센터,용인시정신건강복지센터(부설) 자살예방센터,경기도,용인시 기흥구,경기도 용인시 기흥구 신갈로 58번길 11 신갈동행정복지센터내3층
정신건강기관,정신재활시설,우리내꿈터,강원도,춘천시,"강원도 춘천시 중앙로 104-1,2층"
정신건강기관,정신요양시설,우리누리,대전광역시,서구,대전광역시 서구 장안로 835
정신건강기관,정신재활시설,우리둥지,대구광역시,달서구,"대구광역시 달서구 와룡로 9길 75, 파라다이스빌라 A동 505호"
정신건강기관,정신재활시설,우리들정신건강센터,충청북도,청주시 서원구,충청북도 청주시 서원구 청남로 2089
정신건강기관,정신재활시설,우리마을,경기도,수원시 영통구,"경기도 수원시 영통구 영통로 200번길 43, 영통우리빌 나동"
정신건강기관,정신재활시설,우리집,서울특별시,광진구,"서울특별시 광진구 긴고랑로36길 57-11, 202호"
정신건강기관,정신재활시설,우리집,경기도,용인시 처인구,경기도 용인시 처인구 금학로 277번길 8-4 우리집
정신건강기관,기초정신건강복지센터,울산대학교병원,울산광역시,동구,"울산광역시 동구 봉수로 155, 동구보건소 3층"
정신건강기관,기초정신건강복지센터,울진군 정신건강복지센터,경상북도,울진군,경상북도 울진군 울진읍 읍내8길 61-8
정신건강기관,기초정신건강복지센터,원광학원,전라북도,익산시,전라북도 익산시 무왕로 975
정신건강기관,자살예방센터,원주시자살예방센터,강원도,원주시,강원도 원주시 원일로 139 건강문화센터 4층
정신건강기관,정신재활시설,월산사회복귀시설,인천광역시,부평구,인천광역시 부평구 평천로 319-5 에바다빌딩 3층
정신건강기관,정신재활시설,위드유,서울특별시,동대문구,"서울특별시 동대문구 한천로 424, 인월빌딩 4층"
정신건강기관,정신재활시설,위캔클럽,부산광역시,연제구,"부산광역시 연제구 중앙대로 1239, 8층 위캔클럽"
정신건강기관,정신재활시설,유쾌한집1,서울특별시,도봉구,서울특별시 도봉구 도봉산 3길 12-4 401호
정신건강기관,정신재활시설,유쾌한집2,서울특별시,도봉구,서울특별시 도봉구 도봉산 3길 12-4 401호
정신건강기관,정신재활시설,유쾌한집3,서울특별시,도봉구,서울특별시 도봉구 도봉산 3길 12-4 401호
정신건강기관,정신재활시설,유쾌한집4,서울특별시,도봉구,서울특별시 도봉구 도봉산 3길 12-4 401호
정신건강기관,기초정신건강복지센터,은평구 정신건강복지센터,서울특별시,은평구,서울특별시 은평구 연서로 34길 11
정신건강기관,정신요양시설,은혜로운집,서울특별시,은평구,서울특별시 은평구 갈현로 15길 27-1
정신건강기관,정신요양시설,은혜원,경기도,화성시,경기도 화성시 장안면 포승장안로 1194-24
정신건강기관,정신재활시설,은혜의집,인천광역시,강화군,인천광역시 강화군 내가면 고비고개로 646-2
정신건강기관,중독관리통합지원센터,을지대학교 을지병원,서울특별시,노원구,서울특별시 노원구 노원로 16길 15 중계주공 9단지 912동 1층
정신건강기관,광역정신건강복지센터,을지대학교병원,대전광역시,중구,대전광역시 중구 대종로 88번길 9
정신건강기관,기초정신건강복지센터,을지대학교병원,대전광역시,대덕구,"대전광역시 대덕구 석봉로 8번길 55, 별관 2층(석봉동, 대덕구보건소)"
정신건강기관,기초정신건강복지센터,음성소망병원,충청북도,음성군,충청북도 음성군 금왕읍 금석로 74
정신건강기관,기초정신건강복지센터,의령군 정신건강복지센터,경상남도,의령군,경상남도 의령군 의병로8길 16
정신건강기관,중독관리통합지원센터,의료법인 다사랑의료재단,광주광역시,서구,광주광역시 서구 회재로 897-1 2층
정신건강기관,기초정신건강복지센터,의료법인 연강의료재단,제주특별자치도,제주시,"제주특별자치도 제주시 연삼로 264, 제주보건소 2층"
정신건강기관,중독관리통합지원센터,의료법인 연강의료재단,제주특별자치도,제주시,제주특별자치도 제주시 서광로 175(아세아빌딩 5층)
정신건강기관,중독관리통합지원센터,의료법인 예경의료재단,경상남도,창원시 마산합포구,"경상남도 창원시 마산합포구 합포로 2, 3층"
정신건강기관,광역정신건강복지센터,의료법인 용인병원 유지재단,경기도,수원시 장안구,경기도 수원시 장안구 수성로 245번길 69(정자동) 경기도의료원 2층
정신건강기관,기초정신건강복지센터,의료법인 청주병원,충청북도,청주시 청원구,충청북도 청주시 청원구 오창읍 과학산업 3로 238
정신건강기관,기초정신건강복지센터,의료법인용인병원 유지재단,경기도,용인시 기흥구,경기도 용인시 기흥구 신갈로 58번길 11
정신건강기관,기초정신건강복지센터,의료법인정화의료재단 김원묵기념 봉생병원,부산광역시,동구,부산광역시 동구 구청로1 동구의회 2층
정신건강기관,기초정신건강복지센터,의성군 정신건강복지센터,경상북도,의성군,경상북도 의성군 의성읍 안평의성로1122-30
정신건강기관,자살예방센터,의정부시정신건강복지센터 부설 자살예방센터,경기도,의정부시,경기도 의정부시 범골로 131
정신건강기관,기초정신건강복지센터,이대목동병원,서울특별시,양천구,서울특별시 양천구 목동서로 339 양천구보건소 지하1층
정신건강기관,정신재활시설,이레,경기도,의정부시,"경기도 의정부시 호국로 1304, 제이에스 베네스트 301호"
정신건강기관,정신재활시설,이음,서울특별시,강동구,서울특별시 강동구 성내2동 136-18
정신건강기관,중독관리통합지원센터,이음병원,경기도,안양시 만안구,경기도 안양시 만안구 문예로 48 안양시 만안구보건소 5층
정신건강기관,자살예방센터,이천시자살예방센터,경기도,이천시,경기도 이천시 증일동 이섭대천로 1119 2층 
정신건강기관,정신재활시설,인광희망의샘,광주광역시,동구,광주광역시 동구 금남로170-24
정신건강기관,기초정신건강복지센터,인산의료재단 전라북도 마음사랑병원,전라북도,완주군,전라북도 완주군 봉동동서로 89
정신건강기관,정신요양시설,인선요양원,전라남도,순천시,전라남도 순천시 매봉길30
정신건강기관,기초정신건강복지센터,인제군 정신건강복지센터,강원도,인제군,강원도 인제군 인제읍 인제로140번길 34
정신건강기관,기초정신건강복지센터,인제대학교 부산백병원,부산광역시,부산진구,부산광역시 부산진구 시민공원로 30 부산진구청 별관 건강증진센터 내 2층
정신건강기관,기초정신건강복지센터,인제대학교 산학협력단,부산광역시,서구,부산광역시 서구 부용로 30 서구보건소 2층 202호
정신건강기관,기초정신건강복지센터,인제대학교 일산백병원,경기도,고양시 일산동구,경기도 고양시 일산동구 중앙로 1228 동구보건소 2층
정신건강기관,기초정신건강복지센터,인제대학교 일산백병원,경기도,광명시,"경기도 광명시 오리로 613, 3층(하안동)"
정신건강기관,기초정신건강복지센터,인제대학교 해운대백병원,부산광역시,기장군,"부산광역시 기장군 정관읍 용수로11, 정관지소 4층"
정신건강기관,기초정신건강복지센터,인천광역시의료원,인천광역시,연수구,인천광역시 연수구 예술로 20번길 15 
정신건강기관,자살예방센터,인천광역시자살예방센터,인천광역시,남동구,인천광역시 남동구 남동대로 774번길 24 가천뇌과학연구원 5층
정신건강기관,자살예방센터,인천미추홀구 자살예방센터,인천광역시,미추홀구,"인천광역시 미추홀구 독정이로95, 미추홀구청 본관3청사 2층 "
정신건강기관,기초정신건강복지센터,인천미추홀구 정신건강복지센터,인천광역시,미추홀구,"인천광역시 미추홀구 독정이로95, 미추홀구청 본관3청사 2층 "
정신건강기관,기초정신건강복지센터,인천참사랑병원,인천광역시,서구,인천광역시 서구 탁옥로39 서구보건소 4층
정신건강기관,중독관리통합지원센터,인천참사랑병원,인천광역시,계양구,인천광역시 계양구 계양대로 126
정신건강기관,중독관리통합지원센터,인하대학교 산학협력단,인천광역시,연수구,인천광역시 연수구 앵고개로183 남동부수도사업소2층
정신건강기관,중독관리통합지원센터,인하대학교 산학협력단,경기도,수원시 팔달구,"경기도 수원시 팔달구 매산로 89, 2층"
정신건강기관,기초정신건강복지센터,인하대학교의과 대학부속병원,인천광역시,중구,인천광역시 중구 참외전로 72번길 21 
정신건강기관,기초정신건강복지센터,인혜의료재단 가나병원,부산광역시,남구,부산광역시 남구 유엔평화로 4번길 61 3층
정신건강기관,정신요양시설,자매정신요양원,부산광역시,사하구,부산광역시 사하구 사리로 37
정신건강기관,기초정신건강복지센터,장성군 정신건강복지센터,전라남도,장성군,전라남도 장성군 청운 11길 13
정신건강기관,정신재활시설,장수보건복지센터,전라북도,장수군,전라북도 장수군 장수읍 장천로 400
정신건강기관,정신재활시설,장안좋은집,경기도,수원시 장안구,경기도 수원시 장안구 경수대로 908번길 38-14
정신건강기관,기초정신건강복지센터,장유누가병원,경상남도,김해시,경상남도 김해시 분성로 227번길 210호
정신건강기관,광역정신건강복지센터,전남대학교병원,광주광역시,동구,"광주광역시 동구 제봉로 27, 5F"
정신건강기관,기초정신건강복지센터,전남대학교병원,광주광역시,북구,광주광역시 북구 북문대로 43 2층
정신건강기관,기초정신건강복지센터,전라북도 마음사랑병원,전라북도,정읍시,전라북도 정읍시 수성1로 61 2층
정신건강기관,중독관리통합지원센터,전북대학교,전라북도,전주시 덕진구,전라북도 전주시 덕진구 백제대로 689
정신건강기관,기초정신건강복지센터,전북대학교병원,전라북도,전주시 덕진구,"전라북도 전주시 덕진구 벚꽃로 55, 덕진진료실 2층"
정신건강기관,기초정신건강복지센터,전북신세계병원,전라북도,군산시,전라북도 군산시 대야면 백마길 16
정신건강기관,정신재활시설,정다운집,충청남도,부여군,충청남도 부여군 외산면 외산로 79번길 31 1동 101호
정신건강기관,기초정신건강복지센터,정성군 정신건강복지센터,강원도,정선군,강원도 정선군 정선읍 녹송로 33
정신건강기관,정신요양시설,정신요양시설 천봉산요양원,경상북도,상주시,경상북도 상주시 만산8길 70
정신건강기관,정신요양시설,정심수양원,대구광역시,동구,대구광역시 동구 팔공산로 254길 123
정신건강기관,정신요양시설,정심원,전라북도,완주군,전라북도 완주군 소양면 송광수만로 343번지
정신건강기관,기초정신건강복지센터,정진의료재단 영화병원,인천광역시,남동구,인천광역시 남동구 인주대로819 문화빌딩 6층
정신건강기관,광역정신건강복지센터,제주대학교병원,제주특별자치도,제주시,제주특별자치도 제주시 아란 13길 15 제주대학교병원 내 별관 2층
정신건강기관,정신재활시설,제주정신재활센터,제주특별자치도,제주시,"제주특별자치도 제주시 동광로 1길11, 4층 "
정신건강기관,중독관리통합지원센터,조선대학교 사회복지회,광주광역시,동구,"광주광역시 동구 금남로166(금남로5가, 대화빌딩3층)"
정신건강기관,정신재활시설,종로 행복일굼터,서울특별시,종로구,서울특별시 종로구 종로43길 9
정신건강기관,정신재활시설,종로아이존,서울특별시,종로구,서울특별시 종로구 자하문로 89
정신건강기관,정신재활시설,좋은나무,서울특별시,중랑구,"서울특별시 중랑구 동일로92길 39-21, 202호"
정신건강기관,정신재활시설,좋은날,경기도,평택시,"경기도 평택시 통미로18, 가원빌라 가동 301호"
정신건강기관,정신재활시설,좋은사람들,서울특별시,영등포구,서울특별시 영등포구 도림로 188-1(대림동)
정신건강기관,정신재활시설,좋은세상,충청남도,천안시 동남구,충청남도 천안시 동남구 구성12길 28-1
정신건강기관,정신재활시설,좋은우리,충청남도,천안시 동남구,"충청남도 천안시 동남구 다가말 2길45, 403호"
정신건강기관,정신재활시설,좋은이웃,충청남도,아산시,충청남도 아산시 음봉면 음봉로 681번길 75
정신건강기관,정신재활시설,좋은이웃센터,대전광역시,중구,대전광역시 중구 대흥로 171(대흥동)
정신건강기관,정신재활시설,좋은친구들,울산광역시,울주군,울산광역시 울주군 온산읍 신경10길 12
정신건강기관,정신재활시설,주순애원,경상남도,고성군,경상남도 고성군 고성읍 우산2길312
정신건강기관,정신재활시설,중구아이존,서울특별시,중구,서울특별시 중구 서소문로6길 16
정신건강기관,정신재활시설,중랑한울지역 정신건강센터,서울특별시,중랑구,서울특별시 중랑구 용마산로 115길 65 우주빌딩 4층
정신건강기관,기초정신건강복지센터,진도군 정신건강복지센터,전라남도,진도군,전라남도 진도군 진도읍 남동1길 40-9
정신건강기관,정신요양시설,진산요양원,전라남도,나주시,전라남도 나주시 노안면 노안삼도로 507-22
정신건강기관,기초정신건강복지센터,진안군 정신건강복지센터,전라북도,진안군,전라북도 진안군 진무로 1189
정신건강기관,기초정신건강복지센터,진주시 정신건강복지센터,경상남도,진주시,경상남도 진주시 문산읍 월아산로 983
정신건강기관,정신재활시설,집으로,경기도,수원시 권선구,경기도 수원시 권선구 정조로432 미영A 110동 102호
정신건강기관,정신재활시설,징검다리,경상북도,안동시,경상북도 안동시 경동로 1047-1번지 2층
정신건강기관,기초정신건강복지센터,차지현정신건강 의학과의원,인천광역시,계양구,인천광역시 계양구 장기서로8 장기보건지소 3층
정신건강기관,정신재활시설,참누리정신건강상담센터,대구광역시,북구,대구광역시 북구 대학로 133
정신건강기관,정신재활시설,참마음,전라북도,익산시,전라북도 익산시 황등면 황등중앙로 112
정신건강기관,정신요양시설,참사랑낙원,전라북도,전주시 완산구,전라북도 전주시 완산구 바람쐬는길 152
정신건강기관,정신재활시설,참살이클럽하우스,부산광역시,동래구,부산광역시 동래구 중앙대로 1331(3층)
정신건강기관,정신재활시설,참좋은집,강원도,강릉시,강원도 강릉시 강릉대로 419번길 42
정신건강기관,기초정신건강복지센터,창녕군 정신건강복지센터,경상남도,창녕군,경상남도 창녕군 창녕읍 우포2로 1189-35
정신건강기관,광역정신건강복지센터,창원경상대학교병원,경상남도,창원시 의창구,경상남도 창원시 의창구 동읍 동읍로 457번길 48
정신건강기관,기초정신건강복지센터,창원시 마산 정신건강복지센터,경상남도,창원시 마산합포구,경상남도 창원시 마산합포구 월영동북로 15
정신건강기관,기초정신건강복지센터,창원시 진해 정신건강복지센터,경상남도,창원시 진해구,경상남도 창원시 진해구 중원동로 62 진해서부보건지소 3층
정신건강기관,기초정신건강복지센터,천안시 정신건강복지센터,충청남도,천안시 동남구,충청남도 천안시 동남구 버들로 40 
정신건강기관,자살예방센터,천안시자살예방센터,충청남도,천안시 서북구,충청남도 천안시 서북구 서부 8길 29 (성정동 684-1)
정신건강기관,기초정신건강복지센터,천주의성요한수도회,광주광역시,동구,광주광역시 동구 서남로 1 동구보건소 2층
정신건강기관,기초정신건강복지센터,철원군 정신건강복지센터,강원도,철원군,강원도 철원군 갈말읍 군탄로16
정신건강기관,기초정신건강복지센터,청도메타병원,경상북도,청도군,경상북도 청도군 화양읍 청화로79-15
정신건강기관,정신재활시설,청소년사회 복귀시설 비상,서울특별시,관악구,서울특별시 관악구 남부순환로 2054 광일빌딩 4층
정신건강기관,기초정신건강복지센터,청송군 정신건강복지센터,경상북도,청송군,경상북도 청송군 청송읍 의료원길 19
정신건강기관,기초정신건강복지센터,청아의료재단 동서병원,경상남도,창원시 의창구,경상남도 창원시 의창구 중앙대로 162번길 9
정신건강기관,중독관리통합지원센터,청아의료재단 동서병원,경상남도,창원시 의창구,경상남도 창원시 의창구 중앙대로 162번길 9(신월동) 창원보건소 4층
정신건강기관,기초정신건강복지센터,청양군 정신건강복지센터,충청남도,청양군,충청남도 청양군 청양읍 칠갑산로7길 54
정신건강기관,정신재활시설,청원사회복귀시설,충청북도,청주시 청원구,충청북도 청주시 청원구 북이면 신대석성로 121-11
정신건강기관,기초정신건강복지센터,청주의료원,충청북도,청주시 서원구,"충청북도 청주시 서원구 구룡산로 235, 4층"
정신건강기관,중독관리통합지원센터,청주의료원,충청북도,청주시 상당구,충청북도 청주시 상당구 대성로 172번길 21. 3층
정신건강기관,정신재활시설,청주정신건강센터,충청북도,청주시 서원구,충청북도 청주시 서원구 청남로 2124
정신건강기관,기초정신건강복지센터,축령복음병원,경기도,남양주시,경기도 남양주시 경춘로 1037 남양주1청사 신관1층
정신건강기관,자살예방센터,춘천시자살예방센터,강원도,춘천시,강원도 춘천시 효제길 35
정신건강기관,기초정신건강복지센터,충남대학교 간호과학연구소,충청남도,금산군,충청남도 금산군 금산읍 금산로 1559 다락원스포츠센터 내 1층
정신건강기관,기초정신건강복지센터,충남대학교 산학협력단,충청북도,옥천군,충청북도 옥천군 옥천읍 삼양로 8길 10
정신건강기관,기초정신건강복지센터,충남대학교병원,대전광역시,동구,대전광역시 동구 현암로 22(삼성동)
정신건강기관,기초정신건강복지센터,충남대학교병원,세종특별자치시,조치원읍,세종특별자치시 조치원읍 수원지1길16 세종시립의원 2층
정신건강기관,광역정신건강복지센터,충북대학교병원,충청북도,청주시 서원구,충청북도 청주시 서원구 1순환로 771
정신건강기관,기초정신건강복지센터,충북대학교병원,충청북도,청주시 상당구,충청북도 청주시 상당구 남일면 단재로 480
정신건강기관,정신재활시설,충주어울림센터,충청북도,충주시,충청북도 충주시 도장관주로 34-12
정신건강기관,기초정신건강복지센터,칠곡시몬병원,경상북도,칠곡군,경상북도 칠곡군 왜관읍 관문로1길 30
정신건강기관,기초정신건강복지센터,카톨릭대학교 산학협력단,경기도,시흥시,경기도 시흥시 호현로 55
정신건강기관,정신재활시설,카프여성거주시설,서울특별시,마포구,서울특별시 마포구 성미산로5길 50-15
정신건강기관,정신재활시설,카프이용센터,경기도,고양시 일산동구,경기도 고양시 일산동구 일산로 86
정신건강기관,정신재활시설,카프치료 공동체 둥지,서울특별시,은평구,"서울특별시 은평구 연서로 37가길 10-10, 201호"
정신건강기관,정신재활시설,카프치료공동체 감나무집,서울특별시,마포구,서울특별시 마포구 연남동 565-37
정신건강기관,정신재활시설,컴넷하우스,부산광역시,수영구,부산광역시 수영구 망미배산로 76번나길 27
정신건강기관,기초정신건강복지센터,큰빛병원,울산광역시,남구,"울산광역시 남구 삼산중로 132(삼산동, 남구보건소 3층)"
정신건강기관,정신재활시설,클럽하우스 해피투게더,인천광역시,계양구,인천광역시 계양구 계양산로 19(2층)
정신건강기관,기초정신건강복지센터,태안군 정신건강복지센터,충청남도,태안군,충청남도 태안군 태안읍 서해로 1952-16
정신건강기관,정신재활시설,태화샘솟는집,서울특별시,마포구,서울특별시 마포구 아현동 772
정신건강기관,정신재활시설,태화해뜨는샘,서울특별시,강남구,서울특별시 강남구 광평로 185 태화기독교사회복지관 3층
정신건강기관,기초정신건강복지센터,태훈의료재단,경상북도,봉화군,경상북도 봉화군 봉화읍 봉화로 1203
정신건강기관,기초정신건강복지센터,통영시 정신건강복지센터,경상남도,통영시,"경상남도 통영시 안개4길 108,3층"
정신건강기관,정신재활시설,파란마음,서울특별시,은평구,"서울특별시 은평구 갈현로 33길 32, 201호"
정신건강기관,정신요양시설,파랑새둥지,충청남도,아산시,충청남도 아산시 신창면 온천대로 842번길 111
정신건강기관,자살예방센터,파주시정신건강복지센터(부설) 자살예방센터,경기도,파주시,경기도 파주시 봉천로 68 파주건강증진센터 1층
정신건강기관,기초정신건강복지센터,평택시 정신건강복지센터,경기도,평택시,경기도 평택시 평택5호 56 평택보건소 A동 2층
정신건강기관,정신재활시설,평화의집,강원도,춘천시,강원도 춘천시 춘천로 281번길 14-6
정신건강기관,정신재활시설,평화정신재활시설,서울특별시,노원구,"서울특별시 노원구 노원로 331, 평화종합사회복지관 3층(중계동)"
정신건강기관,기초정신건강복지센터,포천시정신건강복지센터,경기도,포천시,경기도 포천시 포천로 1612 보건소 3층
정신건강기관,중독관리통합지원센터,포항시 중독관리통합지원센터,경상북도,포항시 북구,경상북도 포항시 북구 삼흥로98 
정신건강기관,기초정신건강복지센터,포항시남구 정신건강복지센터,경상북도,포항시 남구,경상북도 포항시 남구 동해안로6119번길
정신건강기관,기초정신건강복지센터,포항시북구 정신건강복지센터,경상북도,포항시 북구,경상북도 포항시 북구 삼흥로98
정신건강기관,정신재활시설,푸른존,서울특별시,강북구,"서울특별시 강북구 도봉로 66길 35, 1층(미아동)"
정신건강기관,정신재활시설,품,충청남도,천안시 동남구,충청남도 천안시 동남구 양지19길 12-13
정신건강기관,기초정신건강복지센터,하남시정신건강복지센터,경기도,하남시,"경기도 하남시 미사강변대로 200, 미사보건센터 2층"
정신건강기관,정신재활시설,하늘소,서울특별시,양천구,"서울특별시 양천구 화곡로 8길 21-4, 2층"
정신건강기관,기초정신건강복지센터,하동군 정신건강복지센터,경상남도,하동군,경상남도 하동군 하동읍 군청로 31
정신건강기관,정신재활시설,하모니공동생활가정,충청남도,천안시 동남구,충청남도 천안시 동남구 원성8길 16
정신건강기관,정신재활시설,하얀마음,서울특별시,송파구,"서울특별시 송파구 석촌호수로 20길 28-1, 201호"
정신건강기관,광역정신건강복지센터,학교법인 원광학원(원광대학교병원),전라북도,전주시 완산구,전라북도 전주시 완산구 홍산북로 57 아이원빌딩 4층
정신건강기관,정신재활시설,한가정,대전광역시,서구,"대전광역시 서구 남선로 60번길 45, 3층(탄방동)"
정신건강기관,중독관리통합지원센터,한국생명의전화,대전광역시,동구,"대전광역시 동구 동대전로 333, 3층(가양동)"
정신건강기관,정신재활시설,한그루,서울특별시,구로구,"서울특별시 구로구 서해안로 30길 17, 301"
정신건강기관,기초정신건강복지센터,한림대학교 성심병원,경기도,안양시 만안구,경기도 안양시 만안구 문예로 48
정신건강기관,기초정신건강복지센터,한림대학교 춘천성심병원,경기도,가평군,경기도 가평군 가평읍 가화로 155-15
정신건강기관,중독관리통합지원센터,한림대학교 춘천성심병원,강원도,춘천시,강원도 춘천시 삭주로84 수인빌딩3층 
정신건강기관,정신재활시설,한마음세상,서울특별시,강서구,"서울특별시 강서구 초록마을로 32길, 33-18"
정신건강기관,정신재활시설,한마음의집,서울특별시,서대문구,"서울특별시 서대문구 연희로39다길 20, 1층"
정신건강기관,정신재활시설,한마음정신보건재활센터,경상북도,경주시,경상북도 경주시 동성로 35
정신건강기관,정신재활시설,한미래사회복귀센터,부산광역시,부산진구,"부산광역시 부산진구 거제대로 16-4, 4층 "
정신건강기관,기초정신건강복지센터,한별정신건강병원,경기도,김포시,경기도 김포시 사우중로 108보건소 별관2층
정신건강기관,정신재활시설,한빛둥지,대전광역시,서구,대전광역시 서구 변동로 12-1(변동)
정신건강기관,정신재활시설,한빛하우스,서울특별시,서대문구,"서울특별시 서대문구 연희로39다길 20, 2층"
정신건강기관,정신재활시설,한사랑,전라북도,완주군,전라북도 완주군 상관면 신리로 61
정신건강기관,중독관리통합지원센터,한사랑병원,경상남도,김해시,경상남도 김해시 분성로227번길 211호
정신건강기관,기초정신건강복지센터,한서중앙병원,경기도,연천군,"경기도 연천군 은대성로 95, 연천군보건의료원내 연천군정신건강복지센터"
정신건강기관,기초정신건강복지센터,한양대학교 산학협력단,경기도,구리시,경기도 구리시 건원대로 34번길 84 
정신건강기관,기초정신건강복지센터,한양대학교병원,서울특별시,성동구,서울특별시 성동구 행당로12
정신건강기관,정신재활시설,한울림,서울특별시,성북구,서울특별시 성북구 보국문로 6길 5-10번지 202호
정신건강기관,정신요양시설,한울빌리지,충청남도,논산시,충청남도 논산시 양촌면 계백한전길 161
정신건강기관,정신재활시설,한울지역 정신건강센터,서울특별시,관악구,서울특별시 관악구 장군봉길 46
정신건강기관,정신재활시설,한울타리,대전광역시,서구,"대전광역시 서구 도산로 131-1, 3층(도마동)"
정신건강기관,기초정신건강복지센터,함양군 정신건강복지센터,경상남도,함안군,경상남도 함안군 중앙남4길 10
정신건강기관,기초정신건강복지센터,함양군 정신건강복지센터,경상남도,함양군,경상남도 함양군 함양읍 한들로 139
정신건강기관,정신요양시설,함양정신요양원,경상남도,함양군,경상남도 함양군 함양읍 월명길12
정신건강기관,기초정신건강복지센터,함평군 정신건강복지센터,전라남도,함평군,전라남도 함평군 함평읍 중앙길 54-8
정신건강기관,기초정신건강복지센터,합천군 정신건강복지센터,경상남도,합천군,경상남도 합천군 합천읍 동서로39
정신건강기관,기초정신건강복지센터,해남군 정신건강복지센터,전라남도,해남군,전라남도 해남군 해남읍 해남로 46
정신건강기관,정신재활시설,해맑은뜰,서울특별시,은평구,"서울특별시 은평구 갈현로 47길 32-14, 101호"
정신건강기관,정신재활시설,해맑은미소,경기도,안산시 상록구,"경기도 안산시 상록구 태마당로 1길4, c동 101호(부곡동, 양지하이츠빌라)"
정신건강기관,정신재활시설,해바라기,경기도,화성시,"경기도 화성시 병점3로 38-2, 태림빌라다동 101호"
정신건강기관,정신재활시설,해비치,서울특별시,서대문구,서울특별시 서대문구 증가로 24마길 11
정신건강기관,정신재활시설,해사랑,서울특별시,은평구,"서울특별시 은평구 연서로41길 41, 301호"
정신건강기관,정신재활시설,해솔,경기도,성남시 중원구,경기도 성남시 중원구 자혜로 16번길 28-1 401호
정신건강기관,정신재활시설,해오름,서울특별시,마포구,서울특별시 마포구 망원로11길 27-54
정신건강기관,기초정신건강복지센터,해운대백병원,부산광역시,수영구,부산광역시 수영구 수영로 637-5수영구보건소 2층
정신건강기관,기초정신건강복지센터,해운대자명병원,부산광역시,해운대구,"부산광역시 해운대구 양운로 37번길 59, 보건소 내 2층"
정신건강기관,정신재활시설,해인공동생활가정,세종특별자치시,전의면,"세종특별자치시 전의면 산단길 3-11, 정원빌리지 2동 101호"
정신건강기관,정신재활시설,해인정신건강상담센터,대구광역시,중구,"대구광역시 중구 명덕로 261, 2층"
정신건강기관,정신재활시설,해찬솔,대전광역시,대덕구,"대전광역시 대덕구 대덕대로 1587, 금강로하스엘크루103-603호(석봉동)"
정신건강기관,정신재활시설,해피하우스,인천광역시,연수구,"인천광역시 연수구 한나루186번길54, 101호(옥련동)"
정신건강기관,정신재활시설,해피하우스,경기도,평택시,"경기도 평택시 성동로 11번길 20-11, 하애빌라 2동 103호"
정신건강기관,정신재활시설,해피하우스다솜,충청북도,충주시,충청북도 충주시 대소원면 창현로 654-17
정신건강기관,정신재활시설,햇살한줌,대전광역시,대덕구,대전광역시 대덕구 한남로 150번길 16(오정동)
정신건강기관,정신재활시설,행복나무,부산광역시,기장군,부산광역시 기장군 정관읍 정관로 583 대한빌딩 301호
정신건강기관,정신재활시설,행복샘,경기도,수원시 권선구,경기도 수원시 권선구 정조로432 미영A 106동 107호 
정신건강기관,정신재활시설,행복울타리,대전광역시,대덕구,대전광역시 대덕구 대전로 1387번길 28
정신건강기관,정신재활시설,행복을 만드는 집,서울특별시,강북구,서울특별시 강북구 노해로 33길 29-3
정신건강기관,정신재활시설,행복의꿈,충청남도,천안시 동남구,충청남도 천안시 동남구 다가13길 17
정신건강기관,정신재활시설,행복이룸,충청북도,청주시 흥덕구,충청북도 청주시 흥덕구 오송읍 만수길 13-9 301호
정신건강기관,정신재활시설,행복자리,경상북도,칠곡군,경상북도 칠곡군 약목면 관호8길 28-18 101동 307호
정신건강기관,정신재활시설,행복정신건강센터,서울특별시,강동구,서울특별시 강동구 진황도로119 4층 
정신건강기관,기초정신건강복지센터,행복주는의원,경기도,오산시,경기도 오산시 경기동로 59 보건소2층
정신건강기관,정신재활시설,행복한집,부산광역시,남구,"부산광역시 남구 용소로 64번길 49-1, 1층"
정신건강기관,정신재활시설,행복한집,대구광역시,남구,대구광역시 남구 장전1길 149
정신건강기관,정신재활시설,행복한집,전라북도,전주시 덕진구,전라북도 전주시 덕진구 인교로35-25 뉴도현빌 501호
정신건강기관,정신재활시설,행복한하루,서울특별시,도봉구,서울특별시 도봉구 시루봉로 15라길 7-7 301호(방학동)
정신건강기관,정신재활시설,향기로운집,경기도,수원시 권선구,경기도 수원시 권선구 세류3동 817-93번지2층
정신건강기관,정신재활시설,헤세드하우스,경기도,포천시,경기도 포천시 소흘읍 광릉수목원로 664
정신건강기관,기초정신건강복지센터,혜광의료재단 충북병원,충청북도,증평군,충청북도 증평군 증평읍 보건복지로 64-1
정신건강기관,기초정신건강복지센터,혜광의료재단 충북병원,충청북도,청주시 흥덕구,충청북도 청주시 흥덕구 비하로15번길 16
정신건강기관,정신재활시설,혜민재활의집,경기도,파주시,경기도 파주시 조리읍 문원길 263-6 밀레니엄 B-202
정신건강기관,정신재활시설,혜민재활의집2,경기도,파주시,"경기도 파주시 조리읍 능안로 87, 303"
정신건강기관,정신재활시설,홀로서기,경기도,수원시 권선구,경기도 수원시 권선구 세권로 221번길 24 1층
정신건강기관,기초정신건강복지센터,홍선군 정신건강복지센터,충청남도,홍성군,충청남도 홍성군 홍성읍 문화로 106
정신건강기관,정신요양시설,홍성정신요양원,충청남도,홍성군,충청남도 홍성군 홍성읍 대내길 97
정신건강기관,자살예방센터,홍천군자살예방센터,강원도,홍천군,강원도 홍천군 홍천읍 신장대로 5
정신건강기관,정신재활시설,화곡하늘샘,서울특별시,강서구,"서울특별시 강서구 방화대로6 다길 10-12, 401호"
정신건강기관,기초정신건강복지센터,화천군 정신건강복지센터,강원도,화천군,강원도 화천군 화천읍 강변로 111
정신건강기관,정신재활시설,희망,충청남도,천안시 동남구,충청남도 천안시 동남구 고재 24길 5
정신건강기관,정신재활시설,희망빌,대구광역시,남구,"대구광역시 남구 봉덕로9길 84-2, 4층"
정신건강기관,정신재활시설,희망의그루터기,전라북도,군산시,전라북도 군산시 둔배미길6-6
정신건강기관,정신재활시설,희망의쉼터,전라북도,군산시,전라북도 군산시 둔배미길6-2
정신건강기관,정신재활시설,희망의집,경상북도,경산시,경상북도 경산시 자인면 설총로 841-9
정신건강기관,정신재활시설,희망일터,인천광역시,강화군,인천광역시 강화군 화도면 마니산로 359
정신건강기관,정신재활시설,희망집,경기도,오산시,경기도 오산시 경기동로 8번길 28 라동 102호
정신건강기관,정신재활시설,힐링타운,대전광역시,대덕구,대전광역시 대덕구 송촌남로55-12
정신건강기관,정신재활시설,힐링하우스,경기도,안산시 상록구,"경기도 안산시 상록구 석호공원로 2길7, 401호(사동)"