연번,의료기관명,요양종별,관계 행정기관,근거 법령,설립형태,응급지정,허가병상수,주소,홈페이지,대표전화,FAX
1,서울대학교병원,상급종합병원,교육부,서울대학교병원 설치법,공립(기타),권역응급의료센터,1616,서울특별시 종로구 대학로 101 (연건동),www.snuh.org,1588-5700,1588-5700
2,서울적십자병원,종합병원,대한적십자사,대한적십자사 조직법,공립(기타),지역응급의료기관,292,"서울특별시 종로구 새문안로 9, 적십자병원 (평동)",https://www.rch.or.kr/web/rchseoul/main/,02-2002-8000,02-2002-8000
3,서울특별시 동부병원,종합병원,서울특별시,서울특별시 시립병원 설치 및 운영에 관한조례,공립(시군구립),지역응급의료기관,201,서울특별시 동대문구 무학로 124 (용두동),www.dbhosp.go.kr,02-920-9114,02-920-9114
4,경찰병원,종합병원,경찰청,경찰청과 그 소속기관 직제,국립,지역응급의료기관,377,"서울특별시 송파구 송이로 123, 국립경찰병원 (가락동)",www.nph.go.kr,02-3400-1114,02-3400-1114
5,한국보훈복지의료공단 중앙보훈병원,종합병원,국가보훈부,한국보훈복지의료공단법,특수법인,지역응급의료센터,987,서울특별시 강동구 진황도로61길 53 (둔촌동),http://seoul.bohun.or.kr,02-2225-1111,02-2225-1114
6,서울특별시보라매병원,종합병원,서울특별시,서울특별시 시립병원 설치 및 운영에 관한조례,공립(시도립),지역응급의료센터,765,서울특별시 동작구 보라매로5길 20 (신대방동),http://www.brmh.org,02-870-2114,02-870-2114
7,한국원자력의학원원자력병원,종합병원,과학기술정보통신부,방사선 및 방사성동위원소 이용진흥법,공립(기타),지역응급의료기관,483,"서울특별시 노원구 노원로 75, 한국원자력의학원 (공릉동)",www.kirams.re.kr,02-970-2114,02-970-2114
8,국립중앙의료원,종합병원,국립중앙의료원,국립중앙의료원의 설립 및 운영에 관한 법률,특수법인,지역응급의료센터,499,"서울특별시 중구 을지로 245, 국립중앙의료원 (을지로6가)",www.nmc.or.kr,02-2260-7114,02-2260-7114
9,서울특별시서울의료원,종합병원,서울특별시,지방의료원의 설립 및 운영에 관한 법률,공립(지방의료원),권역응급의료센터,651,서울특별시 중랑구 신내로 156 (신내동),http://www.seoulmc.or.kr/,02-2276-7000,02-2276-7000
10,서울특별시서남병원,종합병원,서울특별시,서울특별시 시립병원 설치 및 운영에 관한조례,공립(시도립),지역응급의료기관,297,서울특별시 양천구 신정이펜1로 20 (신정동),https://www.seoulsnh.or.kr/index.asp,1566-6688,1566-6688
11,서울특별시서북병원,병원,서울특별시,서울특별시 시립병원 설치 및 운영에 관한조례,공립(시도립),,368,서울특별시 은평구 갈현로7길 49 (역촌동),https://sbhosp.seoul.go.kr/,02-3156-3000,02-3156-3000
12,서울특별시어린이병원,병원,서울특별시,서울특별시 시립병원 설치 및 운영에 관한조례,공립(시도립),,208,서울특별시 서초구 헌릉로 260 (내곡동),https://childhosp.seoul.go.kr/,02-570-8000,02-570-8000
13,서울지구병원,병원,국방부,국군조직법,군병원,,30,서울특별시 종로구 삼청로10길 13 (삼청동),,02-397-3990,1688-6488
14,국립재활원,병원,보건복지부,보건복지부와 그 소속기관 직제,국립,,264,"서울특별시 강북구 삼각산로 58 (수유동, 국립재활원)",www.nrc.go.kr,02-901-1700,02-901-1700
15,서울특별시 북부병원,병원,서울특별시,서울특별시 시립병원 설치 및 운영에 관한조례,공립(시도립),,200,서울특별시 중랑구 양원역로 38 (망우동),www.seoulnmh.net,02-2036-0200,02-2036-0200
16,한국보훈복지의료공단 서울요양병원,요양병원,국가보훈부,한국보훈복지의료공단법,공립(기타),,396,"서울특별시 강동구 진황도로61길 53, 서울요양병원 (둔촌동)",https://seoulcare.bohun.or.kr,02-2225-1234,02-2225-1123
17,푸르메재단 넥슨어린이재활병원,요양병원,서울특별시,장애인 건강권 및 의료접근성 보장에 관한 법률,공립(시군구립),,38,"서울특별시 마포구 월드컵북로 494, 지하1층~7층 (상암동, 푸르메재단넥슨어린이재활병원)",http://www.purmehospital.org/,02-6070-9000,02-6070-9077
18,강남구립행복요양병원,요양병원,서울특별시,서울특별시 강남구 노인전문병원 설치 및 운영에 관한 조례,공립(시군구립),,300,"서울특별시 강남구 헌릉로590길 60 (세곡동, 강남구립 행복요양병원)",http://www.gangnamguhospital.kr/,02-6053-2114,02-6053-2119
19,서울특별시은평병원,정신병원,서울특별시,서울특별시 시립병원 설치 및 운영에 관한조례,공립(시도립),,171,서울특별시 은평구 백련산로 90 (응암동),http://ephosp.seoul.go.kr,02-300-8114,02-300-8114
20,국립정신건강센터,정신병원,보건복지부,보건복지부와 그 소속기관 직제,국립,,200,"서울특별시 광진구 용마산로 127 (중곡동, 국립정신건강센터)",www.ncmh.go.kr,02-2204-0114,02-2204-0114
21,서울대학교치과병원,치과병원,교육부,서울대학교치과병원 설치법,공립(기타),,40,서울특별시 종로구 대학로 101 (연건동),https://www.snudh.org/,02-2072-2655,1522-2700
22,서울특별시장애인치과병원,치과병원,서울특별시,서울특별시 시립병원 설치 및 운영에 관한조례,공립(시도립),,0,서울특별시 성동구 마장로 207 (홍익동),http://www.sdh.go.kr/,02-2282-0001,02-2282-0001
23,관악서울대학교치과병원,치과병원,교육부,서울대학교치과병원 설치법,공립(기타),,0,"서울특별시 관악구 관악로 1, 지1~3층 (신림동)",https://www.snudhgw.org/gw/main/main.do,02-6256-3900,
24,성동재활의원,의원,서울특별시,서울특별시 성동구립 사회복지시설 등 설치 및 위탁운영에 관한 조례,공립(시군구립),,0,서울특별시 성동구 뚝섬로1길 43 (성수동1가),https://blog.naver.com/sd_clinic,02-2204-9970,
25,근로복지공단 서울의원,의원,고용노동부,산업재해보상보험법,공립(기타),,0,"서울특별시 영등포구 국회대로 612, 코레일유통 사옥 20층 (당산동3가)",https://www.comwel.or.kr/seoulclinic/index.jsp,02-2670-0202,02-2670-0202
26,부산대학교병원,상급종합병원,교육부,국립대학병원 설치법,공립(기타),지역응급의료센터,1048,부산광역시 서구 구덕로 179 (아미동1가),http://www.pnuh.or.kr/pnuh,051-240-7000,051-240-7000
27,부산광역시의료원,종합병원,부산광역시,지방의료원의 설립 및 운영에 관한 법률,공립(지방의료원),지역응급의료기관,543,"부산광역시 연제구 월드컵대로 359 (거제동, 1동, 5동일부)",www.busanmc.or.kr,051-507-3000,051-507-3000
28,한국보훈복지의료공단 부산보훈병원,종합병원,국가보훈부,한국보훈복지의료공단법,특수법인,지역응급의료기관,476,부산광역시 사상구 백양대로 420 (주례동),http://busan.bohun.or.kr,051-601-6000,051-601-6000
29,동남권원자력의학원원자력병원,종합병원,과학기술정보통신부,방사선 및 방사성동위원소 이용진흥법,공립(기타),지역응급의료기관,246,부산광역시 기장군 장안읍 좌동길 40,https://www.dirams.re.kr/,051-720-5114,051-720-5992
30,부산시립정신병원,정신병원,부산광역시,부산광역시립정신병원 설치 및 운영 조례,공립(시도립),,306,부산광역시 사상구 학감대로39번길 104-36 (학장동),www.bmmh.or.kr,051-312-2288,051-312-2288
31,부산시노인전문제1병원,요양병원,부산광역시,부산광역시 노인전문병원 설치 및 운영 조례,공립(시도립),,200,부산광역시 북구 함박봉로 98 (만덕동),www.busangh.co.kr,051-342-7272,051-342-7272
32,부산노인전문제2병원,요양병원,부산광역시,부산광역시 노인전문병원 설치 및 운영 조례,공립(시도립),,186,부산광역시 연제구 월드컵대로 359 (거제동),www.busangh.or.kr,051-6072-0758,051-607-2075
33,부산노인전문제3병원,요양병원,부산광역시,부산광역시 노인전문병원 설치 및 운영 조례,공립(시도립),,251,부산광역시 해운대구 해운대로469번가길 77 (우동),www.busangh.com,051-780-5555,051-780-5555
34,부산노인전문제4병원,요양병원,부산광역시,부산광역시 노인전문병원 설치 및 운영 조례,공립(시도립),,210,부산광역시 사하구 동매로44번길 4 (하단동),www.부산노인전문제4병원.com,051-202-1370,051-202-1370
35,한국보훈복지의료공단 부산요양병원,요양병원,국가보훈부,한국보훈복지의료공단법,특수법인,,183,부산광역시 사상구 백양대로 420 (주례동),https://www.facebook.com/vetbusan,051-601-8600,
36,근로복지공단 부산의원,의원,고용노동부,산업재해보상보험법,공립(기타),,0,"부산광역시 부산진구 자유평화로 11, 누리엔 16층 (범천동)",https://www.comwel.or.kr/busanclinic/index.jsp,051-790-3300,051-790-3300
37,인천광역시의료원,종합병원,인천광역시,지방의료원의 설립 및 운영에 관한 법률,공립(지방의료원),지역응급의료기관,315,"인천광역시 동구 방축로 217-  (송림동,217)",http://www.icmc.or.kr/,032-580-6000,032-580-6000
38,경기도의료원의정부병원,종합병원,경기도,지방의료원의 설립 및 운영에 관한 법률,공립(지방의료원),지역응급의료기관,203,경기도 의정부시 흥선로 142 (의정부동),www.medical.or.kr/uijeongbu/index.do,031-828-5000,031-828-5000
39,경기도의료원포천병원,종합병원,경기도,지방의료원의 설립 및 운영에 관한 법률,공립(지방의료원),지역응급의료센터,150,경기도 포천시 포천로 1648 (신읍동),www.medical.or.kr/pocheon/index.do,031-539-9114,031-539-9114
40,경기도의료원파주병원,종합병원,경기도,지방의료원의 설립 및 운영에 관한 법률,공립(지방의료원),지역응급의료센터,200,"경기도 파주시 중앙로 207, 경기도립의료원파주병원 (금촌동)",www.medical.or.kr/paju/index.do,031-940-9100,031-940-9100
41,경기도의료원 안성병원,종합병원,경기도,지방의료원의 설립 및 운영에 관한 법률,공립(지방의료원),지역응급의료기관,201,"경기도 안성시 남파로 95, 경기도의료원 안성병원 (당왕동)",www.medical.or.kr/ansung/index.do,031-8046-5000,031-8046-5000
42,국민건강보험공단일산병원,종합병원,보건복지부,국민건강보험법,공립(기타),권역응급의료센터,766,"경기도 고양시 일산동구 일산로 100 (백석동,백석1동 1241외1필지 4층)",www.nhimc.or.kr,1577-0013,031-900-0114
43,국립암센터,종합병원,보건복지부,암관리법,공립(기타),지역응급의료기관,519,경기도 고양시 일산동구 일산로 323 (마두동),www.ncc.re.kr,031-920-0114,1588-8110
44,국군수도병원,종합병원,국방부,국군조직법,군병원,지역응급의료기관,681,경기도 성남시 분당구 새마을로177번길 81 (율동),https://afmd.mnd.go.kr/mbshome/mbs/afmd/,031-725-6075,1688-9151
45,분당서울대학교병원,상급종합병원,교육부,서울대학교병원 설치법,공립(기타),권역응급의료센터,1231,"경기도 성남시 분당구 구미로173번길 82 (구미동, 분당서울대학교병원)",www.snubh.org,031-787-2114,1588-3369
46,경기도의료원 수원병원,종합병원,경기도,지방의료원의 설립 및 운영에 관한 법률,공립(지방의료원),지역응급의료기관,167,경기도 수원시 장안구 수성로245번길 69 (정자동),www.medical.or.kr/suwon/index.do,031-888-0114,031-888-0114
47,근로복지공단안산병원,종합병원,고용노동부,산업재해보상보험법,공립(기타),지역응급의료기관,380,"경기도 안산시 상록구 구룡로 87, 근로복지공단안산병원 (일동)",www.comwel.or.kr/ansan,031-500-1114,031-500-1114
48,경기도의료원 이천병원,종합병원,경기도,지방의료원의 설립 및 운영에 관한 법률,공립(지방의료원),지역응급의료센터,206,경기도 이천시 경충대로 2742 (관고동),www.medical.or.kr/icheon/index.do,031-630-4200,031-630-4200
49,근로복지공단인천병원,종합병원,고용노동부,산업재해보상보험법,공립(기타),,285,"인천광역시 부평구 무네미로 446-  (구산동,(구산동))",www.comwel.or.kr/incheon,032-500-0114,032-500-0114
50,성남시의료원,종합병원,경기도,지방의료원의 설립 및 운영에 관한 법률,공립(지방의료원),지역응급의료센터,299,"경기도 성남시 수정구 수정로171번길 10, 성남시의료원 (태평동)",https://www.scmc.kr,031-738-7000,031-738-7000
51,인천적십자병원,종합병원,대한적십자사,대한적십자사 조직법,공립(기타),지역응급의료기관,122,"인천광역시 연수구 원인재로 263 (연수동,263)",https://www.rch.or.kr/web/rchincheon/main,032-899-4000,032-899-4000
52,국군포천병원,병원,국방부,국군조직법,군병원,,100,경기도 포천시 화현면 화동로 564,https://demis.mil.kr/afmc/,031-530-1203,1688-9164
53,국군양주병원,병원,국방부,국군조직법,군병원,,342,경기도 양주시 은현면 화합로 1133,https://demis.mil.kr/afmc/,031-857-0963,1688-9163
54,국군고양병원,병원,국방부,국군조직법,군병원,,150,경기도 고양시 덕양구 혜음로 215 (벽제동),https://demis.mil.kr/afmc/,031-963-6657,1688-9162
55,서울특별시 백암정신병원,정신병원,서울특별시,서울특별시 시립병원 설치 및 운영에 관한조례,공립(시도립),,238,경기도 용인시 처인구 백암면 용천로71번길 30,www.baekammh.or.kr,031-332-3194,031-332-3194
56,인천광역시의료원백령병원,병원,인천광역시,지방의료원의 설립 및 운영에 관한 법률,공립(지방의료원),지역응급의료기관,30,"인천광역시 옹진군 백령면 백령로 233, 인천광역시의료원 백령병원",http://www.icmc.or.kr/,032-836-1731,032-836-1731
57,서울특별시축령정신병원,정신병원,서울특별시,서울특별시 시립병원 설치 및 운영에 관한조례,공립(시도립),,206,경기도 남양주시 수동면 외방로172번길 58,www.crmh.or.kr,031-592-6661,031-592-6661
58,국립교통재활병원,병원,국토교통부,자동차손해배상보장법,국립,,268,경기도 양평군 양평읍 중앙로 260,https://www.ntrh.or.kr,031-580-5555,031-580-5555
59,국군구리병원,병원,국방부,국군조직법,군병원,,42,"경기도 구리시 인창2로 177 (인창동, 국군구리병원)",https://demis.mil.kr/afmc/,031-554-0940,1688-9161
60,한국보훈복지의료공단 인천보훈병원,병원,국가보훈부,한국보훈복지의료공단법,특수법인,,137,"인천광역시 미추홀구 인주대로 138, 인천보훈병원 지(1,2),1~7층 (용현동)",http://incheon.bohun.or.kr,032-363-9800,032-363-9800
61,경인권역재활병원,병원,대한적십자사,"장애인복지법, 대한적십자사 조직법",공립(기타),,120,인천광역시 연수구 원인재로 263 (연수동),https://www.rch.or.kr/web/rchkyungin/main,032-899-4591,032-899-4000
62,인천광역시립노인치매요양병원,요양병원,인천광역시,인천광역시립노인치매요양병원 설치 및 운영 조례,공립(시군구립),,137,인천광역시 서구 심곡로132번길 21-1 (심곡동),https://icesh.co.kr/,032-562-5101,
63,경기도립노인전문동두천병원,요양병원,경기도,경기도립노인전문병원 설치 및 운영 조례,의료법인,,236,경기도 동두천시 탑신로 536 (탑동동),gdsilver.co.kr,031-860-4114,031-860-4114
64,경기도립노인전문여주병원,요양병원,경기도,경기도립노인전문병원 설치 및 운영 조례,공립(시도립),,190,경기도 여주시 북내면 도예로 361-14,www.noinhospital.or.kr,031-886-4100,031-886-4100
65,경기도립노인전문용인병원,요양병원,경기도,경기도립노인전문병원 설치 및 운영 조례,공립(시도립),,204,경기도 용인시 기흥구 중부대로 940 (상하동),www.silvernet.or.kr,031-288-0400,031-288-0400
66,인천제2시립노인치매요양병원,요양병원,인천광역시,인천광역시립노인치매요양병원 설치 및 운영 조례,공립(시도립),,184,"인천광역시 계양구 드림로 852, 노인치매요양병원 (갈현동)",http://www.hallymsh.net/,032-554-8300,032-554-8300
67,경기도립노인전문남양주병원,요양병원,경기도,경기도립노인전문병원 설치 및 운영 조례,공립(시도립),,237,경기도 남양주시 수동면 외방로172번길 50,www.gngh.or.kr,031-590-5000,031-590-5000
68,경기도립노인전문시흥병원,요양병원,경기도,경기도립노인전문병원 설치 및 운영 조례,공립(시도립),,259,"경기도 시흥시 하중로 285, 경기도립 노인전문 시흥병원 (광석동)",www.gshospital.com,031-500-7100,031-500-7100
69,근로복지공단 경기요양병원,요양병원,고용노동부,산업재해보상보험법,공립(기타),,127,경기도 화성시 우정읍 쌍봉로 465-4,www.comwel.or.kr/gyeonggi,031-351-3083,031-351-3083
70,경기도립노인전문 평택병원,요양병원,경기도,경기도립노인전문병원 설치 및 운영 조례,공립(시도립),,210,경기도 평택시 삼남로 312 (도일동),goodmsilver.co.kr,031-669-9977,031-669-9988
71,경기도립정신병원,정신병원,경기도,경기도립정신병원 설치 및 운영에 관한 조례,공립(시도립),,50,"경기도 용인시 기흥구 중부대로 940, 새로운경기도립정신병원 (상하동)",https://www.mentalhospital.or.kr/,031-300-6200,031-300-6230
72,안산시립노인전문병원,요양병원,경기도,안산시립 노인전문병원 설치 및 운영에 관한 조례,공립(시군구립),,213,경기도 안산시 상록구 차돌배기로 24 (사동),http://www.bumomam.or.kr,031-8040-5114,031-8040-5114
73,부천시립노인전문병원,요양병원,경기도,부천시 노인전문병원 및 노인복지시설 설치·운영에 관한 조례,공립(시군구립),,233,경기도 부천시 까치로 26 (작동),www.bucheonh.com,032-713-7300,032-713-7300
74,고양정신병원,정신병원,서울특별시,서울특별시 시립병원 설치 및 운영에 관한조례,공립(시군구립),,274,경기도 고양시 덕양구 통일로1102번길 46 (내유동),http://www.kymhosp.com/,031-969-0885,031-969-0885
75,강원특별자치도삼척의료원,종합병원,강원특별자치도,지방의료원의 설립 및 운영에 관한 법률,공립(지방의료원),지역응급의료센터,148,"강원특별자치도 삼척시 오십천로 418-0 (남양동,삼척의료원)",https://www.ksmc.or.kr/,033-572-1141,033-573-8425
76,강원특별자치도영월의료원,종합병원,강원특별자치도,지방의료원의 설립 및 운영에 관한 법률,공립(지방의료원),지역응급의료기관,188,강원특별자치도 영월군 영월읍 중앙1로 59-  ( ),https://www.youngwol.org/,033-370-9149,033-370-9137
77,강원특별자치도원주의료원,종합병원,강원특별자치도,지방의료원의 설립 및 운영에 관한 법률,공립(지방의료원),지역응급의료기관,268,"강원특별자치도 원주시 서원대로 387 (개운동, (개운동))",https://www.kwmc.or.kr/,033-760-4500,033-761-5121
78,강원특별자치도속초의료원,종합병원,강원특별자치도,지방의료원의 설립 및 운영에 관한 법률,공립(지방의료원),지역응급의료센터,152,"강원특별자치도 속초시 영랑호반길 3 (영랑동, (영랑동))",http://www.sokchomc.co.kr,033-630-6000,033-630-6004
79,강원특별자치도강릉의료원,종합병원,강원특별자치도,지방의료원의 설립 및 운영에 관한 법률,공립(지방의료원),지역응급의료기관,155,"강원특별자치도 강릉시 경강로 2007-  (남문동,2007)",http://www.gnmc.or.kr,033-610-1200,033-610-1415
80,강원대학교병원,종합병원,교육부,국립대학병원 설치법,공립(기타),지역응급의료센터,632,"강원특별자치도 춘천시 백령로 156-  (효자동,(효자동))",http://www.knuh.or.kr,033-258-2000,033-258-2000
81,근로복지공단 태백병원,종합병원,고용노동부,산업재해보상보험법,공립(기타),지역응급의료기관,247,"강원특별자치도 태백시 보드미길 8-  (장성동, (장성동))",www.comwel.or.kr/taebaek,033-580-3114,033-580-3114
82,근로복지공단 동해병원,종합병원,고용노동부,산업재해보상보험법,공립(기타),지역응급의료기관,247,"강원특별자치도 동해시 하평로 11-  (평릉동, (평릉동))",www.comwel.or.kr/donghae,033-530-3100,033-530-3100
83,국군춘천병원,병원,국방부,국군조직법,군병원,,152,"강원특별자치도 춘천시 방고개길 57-  (신동,57)",https://demis.mil.kr/afmc/,033-244-0130,1688-9166
84,국군홍천병원,병원,국방부,국군조직법,군병원,,84,강원특별자치도 홍천군 두촌면 아홉사리로 53-  (53),https://demis.mil.kr/afmc/,033-435-0473,1688-9167
85,국군강릉병원,병원,국방부,국군조직법,군병원,,97,강원특별자치도 강릉시 주문진읍 동해대로 4371-34 (4371),https://demis.mil.kr/afmc/,033-662-7802,1688-9165
86,강원특별자치도재활병원,병원,강원특별자치도,장애인복지법,공립(시도립),,148,"강원특별자치도 춘천시 충열로142번길 24-16 (우두동, (우두동))",https://www.grh.or.kr/main/main.asp,033-248-7700,033-248-7723
87,근로복지공단 정선병원,병원,고용노동부,산업재해보상보험법,공립(기타),지역응급의료기관,149,강원특별자치도 정선군 정선읍 봉양1길 145-0 ( ),www.comwel.or.kr/jeongseon,033-560-7110,033-560-7100
88,정선군립병원,병원,강원특별자치도,정선군 군립 의료기관 설치 및 운영에 관한 조례,재단법인,,30,강원특별자치도 정선군 사북읍 지장천로 727-  ( ),https://www.jeongseonmc.com/,033-592-3121,033-592-3125
89,춘천시노인전문병원,요양병원,강원특별자치도,춘천시 노인 전문병원 설치 및 운영 조례,공립(시도립),,166,강원특별자치도 춘천시 동면 세실로 252,http://www.ccsilverh.com/,033-240-7500,033-240-7500
90,강원특별자치도립 강릉요양병원,요양병원,강원특별자치도,강원특별자치도립강릉요양병원 설치 및 운영 조례,공립(시도립),,125,"강원특별자치도 강릉시 경강로 2009-0 (남문동,강원특별자치도립강릉요양병원)",http://www.gnmch.or.kr,033-640-8800,033-640-8825
91,근로복지공단 태백요양병원,요양병원,고용노동부,산업재해보상보험법,공립(기타),,55,"강원특별자치도 태백시 보드미길 8-0 (장성동, 4층 (장성동,근로복지공단태백요양병원))",https://www.comwel.or.kr/taebaekyoyang/,033-580-3700,033-580-3777
92,국립춘천병원,정신병원,보건복지부,보건복지부와 그 소속기관 직제,국립,,153,강원특별자치도 춘천시 동산면 영서로 824-  (824),www.cnmh.go.kr,033-260-3000,033-260-3000
93,강릉원주대학교치과병원,치과병원,교육부,국립대학치과병원 설치법,국립,,15,"강원특별자치도 강릉시 죽헌길 7-  (지변동, (지변동))",https://www.gwnudh.or.kr,033-640-3114,033-640-3114
94,충청북도 청주의료원,종합병원,충청북도,지방의료원의 설립 및 운영에 관한 법률,공립(지방의료원),지역응급의료기관,489,"충청북도 청주시 서원구 흥덕로 48-0 (사직동,청주의료원)",http://www.cjmc.or.kr,043-279-2300,043-279-0114
95,충청북도 충주의료원,종합병원,충청북도,지방의료원의 설립 및 운영에 관한 법률,공립(지방의료원),지역응급의료기관,294,"충청북도 충주시 안림로 239-50 (안림동,충청북도충주의료원)",www.cjmct.or.kr,043-871-0114,043-871-0114
96,충북대학교병원,상급종합병원,교육부,국립대학병원 설치법,공립(기타),권역응급의료센터,776,"충청북도 청주시 서원구 1순환로 776-0 (개신동,충북대학교병원)",https://www.cbnuh.or.kr,043-269-6114,1533-0075
97,공군항공우주의료원,병원,국방부,국군조직법,군병원,,50,충청북도 청주시 상당구 남일면 단재로 635-0,,043-290-5647,043-290-5420
98,충주위담통합병원,병원,충청북도,충주시 통합의학센터 설립 및 운영 조례,공립(시군구립),,134,충청북도 충주시 수안보면 수안보로 129-0,https://m.cjweedahm.com/,043-846-2220,
99,충주시노인전문병원,요양병원,충청북도,충주시노인전문병원 설치와 운영 조례,공립(시군구립),,285,충청북도 충주시 동량면 충원대로 1398-0 (충주시노인전문병원),https://cjh.radiantgrace.org/,043-855-9393,043-855-9393
100,충북도립노인전문병원,요양병원,충청북도,충북도립노인전문병원 설치 및 운영 조례,공립(시도립),,133,"충청북도 청주시 서원구 청남로 1910-0 (미평동,충북도립노인전문병원)",https://www.xn--o80bo7bc7hmsbp4cb4a0z5blhb99ay26a.kr/,043-287-7715,043-298-9011
101,단양군립노인요양병원,요양병원,충청북도,단양군립노인요양병원 설치 및 운영 조례,공립(시군구립),,98,충청북도 단양군 단양읍 별곡6길 10-0 (단양군노인요양전문병원),http://dymh.co.kr/,043-423-8844,043-423-8844
102,청풍호노인사랑병원,요양병원,충청북도,제천시 청풍호 노인사랑병원 설치 및 운영조례,공립(시군구립),,177,충청북도 제천시 금성면 청풍호로 1147-0,www.cplove.co.kr,043-646-0808,043-646-0808
103,영동군립노인전문병원,요양병원,충청북도,영동군립 노인전문병원 설치 및 운영 조례,공립(시군구립),,120,충청북도 영동군 영동읍 대학로 290,www.cmisilver.co.kr,043-744-9633,043-744-9633
104,청주시립요양병원,요양병원,충청북도,청주시립요양병원 설치 및 운영에 관한 조례,공립(시군구립),,197,"충청북도 청주시 서원구 궁뜰로62번길 29-0 (장성동,청주시노인전문병원)",https://blog.naver.com/cjsl0601,043-220-8000,043-220-8000
105,충청북도청주의료원부설한의원,한의원,충청북도,지방의료원의 설립 및 운영에 관한 법률,공립(지방의료원),,4,"충청북도 청주시 서원구 흥덕로 48 (사직동, 청주의료원)",https://www.cjmc.or.kr/intro.php,043-279-2665,
106,충남대학교병원,상급종합병원,교육부,국립대학병원 설치법,공립(기타),권역응급의료센터,1187,"대전광역시 중구 문화로 282 (대사동,(대사동))",www.cnuh.co.kr,042-1599-7123,1599-7123
107,충청남도 홍성의료원,종합병원,충청남도,지방의료원의 설립 및 운영에 관한 법률,공립(지방의료원),지역응급의료센터,349,충청남도 홍성군 홍성읍 조양로 224,https://www.hsmc.or.kr/,041-630-6114,041-630-6114
108,충청남도 공주의료원,종합병원,충청남도,지방의료원의 설립 및 운영에 관한 법률,공립(지방의료원),지역응급의료기관,275,"충청남도 공주시 무령로 77 (웅진동, (웅진동))",http://gjmc.or.kr,041-962-1111,041-962-1111
109,충청남도 천안의료원,종합병원,충청남도,지방의료원의 설립 및 운영에 관한 법률,공립(지방의료원),지역응급의료기관,293,충청남도 천안시 동남구 충절로 537 (삼룡동),http://www.camc.or.kr,041-570-7200,041-570-7114
110,충청남도 서산의료원,종합병원,충청남도,지방의료원의 설립 및 운영에 관한 법률,공립(지방의료원),지역응급의료센터,278,충청남도 서산시 중앙로 149 (석림동),https://seosanmc.or.kr/,041-689-7000,041-689-7000
111,대전보훈병원,종합병원,국가보훈부,한국보훈복지의료공단법,특수법인,지역응급의료기관,387,"대전광역시 대덕구 대청로82번길 147 (신탄진동,147)",http://daejeon.bohun.or.kr,042-939-0111,042-939-0114
112,근로복지공단 대전병원,종합병원,고용노동부,산업재해보상보험법,공립(기타),,230,"대전광역시 대덕구 계족로 637 (법동, (법동))",www.comwel.or.kr/daejeon,042-670-5419,042-670-5114
113,세종충남대학교병원,종합병원,교육부,국립대학병원 설치법,특수법인,지역응급의료센터,408,"세종특별자치시 보듬7로 20, 세종충남대학교병원 (도담동)",cnush.co.kr,1800-3114,1800-3114
114,국군대전병원,병원,국방부,국군조직법,군병원,,446,"대전광역시 유성구 자운로 90-0 (자운동, (자운동))",https://demis.mil.kr/afmc/,042-1688-9152,1688-9152
115,대전세종충남·넥슨후원 공공어린이재활병원,병원,대전광역시,대전충남권 공공 어린이 재활병원 설치 및 운영 조례,공립(시도립),,50,"대전광역시 서구 도안중로 133-0 (관저동,대전세종충남넥슨후원공공어린이재활병원)",https://www.dpcrh.or.kr/,042-330-2180,
116,국립공주병원,정신병원,보건복지부,보건복지부와 그 소속기관 직제,국립,,100,"충청남도 공주시 고분티로 623-21 (오곡동, 국립공주병원)",http://www.knmh.go.kr/,041-850-5700,041-850-5700
117,대전광역시립제1노인전문병원,요양병원,대전광역시,대전광역시 노인전문병원설치 및 운영조례,공립(시도립),,290,"대전광역시 유성구 유성대로 1422 (방현동,1422)",http://www.ilovenoin.com,042-280-5000,042-280-5000
118,논산시립노인전문병원,요양병원,충청남도,논산시립노인전문병원 설치 및 운영조례,공립(시군구립),,116,충청남도 논산시 시민로294번길 11 (취암동),http://nshosp.co.kr/,041-734-9911,041-734-9911
119,서천군립노인요양병원,요양병원,충청남도,서천군 서천어메니티 복지마을 운영조례,공립(시군구립),,197,충청남도 서천군 종천면 충서로302번길 88-12,http://www.scbokjitown.or.kr/,041-950-1001,041-950-1001
120,보령시립노인전문병원,요양병원,충청남도,보령시립 노인전문병원 설치 및 운영에 관한 조례,공립(시군구립),,160,충청남도 보령시 청라면 질재로 373 (보령시립노인전문병원),http://www.brnoin.com/,041-935-1166,041-935-1166
121,대전광역시립제2노인전문병원,요양병원,대전광역시,대전광역시 노인전문병원설치 및 운영조례,공립(시도립),,163,"대전광역시 동구 산내로 300 (하소동, (하소동))",http://www.cmisilverdaejeon.com/,042-272-9633,042-272-9633
122,천안시립노인전문병원,요양병원,충청남도,천안시립 노인전문병원 설치 및 운영에 관한 조례,공립(시군구립),,144,충청남도 천안시 동남구 목천읍 삼방로 735 (천안시립노인전문병원),http://www.cheonangh.co.kr/,041-521-1114,041-521-1114
123,국립법무병원,정신병원,법무부,법무부와 그 소속기관 직제,국립,,1200,충청남도 공주시 반포면 반포초교길 253 (공주치료감호소),www.cppb.go.kr,041-840-5400,041-840-5400
124,대전광역시온마음병원,정신병원,대전광역시,대전광역시립정신병원 설치조례,공립(시도립),,175,"대전광역시 유성구 진잠옛로135번길 87 (학하동, (학하동))",http://www.ssbw.co.kr/,042-823-9101,042-823-4405
125,전북대학교병원,상급종합병원,교육부,국립대학병원 설치법,국립,권역응급의료센터,1100,"전북특별자치도 전주시 덕진구 건지로 20 (금암동, (금암동))",http://www.jbuh.co.kr,063-250-1129,1577-7877
126,전북특별자치도 남원의료원,종합병원,전북특별자치도,지방의료원의 설립 및 운영에 관한 법률,공립(지방의료원),지역응급의료센터,248,"전북특별자치도 남원시 충정로 365 (고죽동,(고죽동))",https://www.namwonmed.or.kr:19005/,063-620-1114,063-620-1196
127,전북특별자치도 군산의료원,종합병원,전북특별자치도,지방의료원의 설립 및 운영에 관한 법률,공립(지방의료원),지역응급의료센터,330,"전북특별자치도 군산시 의료원로 27 (지곡동,(지곡동, 군산의료원))",https://www.kunmed.or.kr/,063-472-5000,063-472-5410
128,진안군의료원,병원,전북특별자치도,지방의료원의 설립 및 운영에 관한 법률,공립(지방의료원),지역응급의료기관,74,전북특별자치도 진안군 진안읍 진무로 1145-0,http://www.jgmc.kr/,063-430-7000,063-430-7000
129,전주시립요양병원,요양병원,전북특별자치도,전주시립요양병원 설치 및 운영 조례,공립(시군구립),,174,"전북특별자치도 전주시 완산구 능안자구길 80 (삼천동3가,(삼천동3가))",http://www.jeonjuhos.co.kr/,063-220-9700,063-220-9700
130,정읍시립요양병원,요양병원,전북특별자치도,정읍시 시립요양병원 설치 및 운영 조례,공립(시군구립),,199,"전북특별자치도 정읍시 금붕1길 160-15 (금붕동,(금붕동))",www.jcgh.kr,063-531-0075,063-531-0075
131,완주군아름다운노인전문병원,요양병원,전북특별자치도,완주군치매요양병원설치 및 운영조례,공립(시군구립),,78,전북특별자치도 완주군 상관면 북치길 44-54,http://www.shofbeauty.com,063-717-3303,063-717-3300
132,부안군노인요양병원,요양병원,전북특별자치도,부안군 노인요양병원 설치 및 운영조례,공립(시군구립),,97,전북특별자치도 부안군 부안읍 봉두길 68,www.buangh.kr,063-581-9116,063-581-9116
133,전북특별자치도 고창노인요양병원,요양병원,전북특별자치도,전북특별자치도 도립병원 설치 및 운영 조례,공립(시도립),,199,전북특별자치도 고창군 고창읍 고인돌대로 1765,http://noinhospital.net/main.php,063-560-6100,063-563-7600
134,전북특별자치도 남원노인요양병원,요양병원,전북특별자치도,전북특별자치도 도립병원 설치 및 운영 조례,공립(시도립),,201,"전북특별자치도 남원시 산성길 51-15 (산곡동,(산곡동))",http://www.nwhospital.co.kr/,063-630-7777,063-630-7700
135,전북특별자치도마음사랑병원,정신병원,전북특별자치도,전북특별자치도 도립병원 설치 및 운영 조례,공립(시도립),,560,전북특별자치도 완주군 소양면 소양로 465-23,http://www.maeumsarang.co.kr/,063-240-2100,063-240-2117
136,전북대학교치과병원,치과병원,교육부,국립대학치과병원 설치법,공립(기타),,0,"전북특별자치도 전주시 덕진구 건지로 20 (금암동,(치과병원동,장애인구강진료센터)동 (금암동, 전북대학교병원))",https://www.jbuh.co.kr/dent.do,063-1577-7877,1577-7877
137,전남대학교병원,상급종합병원,교육부,국립대학병원 설치법,공립(기타),권역응급의료센터,1042,광주광역시 동구 제봉로 42 (학동),http://www.cnuh.com,062-1899-0000,062-220-5011
138,광주보훈병원,종합병원,국가보훈부,한국보훈복지의료공단법,공립(기타),지역응급의료기관,540,광주광역시 광산구 첨단월봉로 99 (산월동),http://gwangju.bohun.or.kr,062-602-6114,062-602-6114
139,목포시의료원,종합병원,전라남도,지방의료원의 설립 및 운영에 관한 법률,공립(지방의료원),지역응급의료기관,299,"전라남도 목포시 이로로 18 (용해동, (용해동))",http://www.mokpomc.or.kr,061-260-6500,061-260-6500
140,화순전남대학교병원,상급종합병원,교육부,국립대학병원 설치법,공립(기타),지역응급의료센터,655,전라남도 화순군 화순읍 서양로 322,http://www.cnuhh.com,061-379-7114,061-379-7541
141,근로복지공단 순천병원,종합병원,고용노동부,산업재해보상보험법,공립(기타),,266,"전라남도 순천시 조례1길 24 (조례동, (조례동))",www.comwel.or.kr/suncheon,061-720-7575,061-720-7114
142,빛고을전남대학교병원,종합병원,교육부,국립대학병원 설치법,공립(기타),,178,"광주광역시 남구 덕남길 80-0, 1동 (덕남동,전남대학교병원류마티스전문질환센터)",https://www.cnubh.com,062-670-9421,062-670-9410
143,전라남도 순천의료원,종합병원,전라남도,지방의료원의 설립 및 운영에 관한 법률,공립(지방의료원),지역응급의료기관,267,전라남도 순천시 서문성터길 2 (매곡동),http://jsmc.or.kr,061-759-9440,061-759-9114
144,국립나주병원,정신병원,보건복지부,보건복지부와 그 소속기관 직제,국립,,195,전라남도 나주시 산포면 세남로 1328-31,http://www.najumh.go.kr,061-330-4108,061-330-4114
145,국립목포병원,병원,질병관리청,질병관리청과 그 소속기관 직제,국립,,204,"전라남도 목포시 신지마을1길 75 (석현동,국립목포병원)",http://www.tbmokpo.go.kr,061-280-1114,061-280-1114
146,전라남도 강진의료원,병원,전라남도,지방의료원의 설립 및 운영에 관한 법률,공립(지방의료원),지역응급의료기관,199,전라남도 강진군 강진읍 탐진로 5,https://www.gjmed.or.kr/,061-433-2167,061-433-2167
147,국립소록도병원,병원,보건복지부,보건복지부와 그 소속기관 직제,국립,,674,전라남도 고흥군 도양읍 소록해안길 65,www.sorokdo.go.kr,061-840-0512,061-840-0500
148,국군함평병원,병원,국방부,국군조직법,군병원,,100,전라남도 함평군 해보면 신해로 1027,https://demis.mil.kr/afmc/,061-390-5114,1688-9153
149,호남권역재활병원,병원,광주광역시,장애인복지법,공립(기타),,191,광주광역시 북구 하서로 590 (본촌동),http://www.honamhosp.or.kr/,062-613-9000,062-613-9000
150,장흥통합의료병원,병원,전라남도,장흥통합의료병원 설치 및 운영에 관한 조례,공립(시군구립),,100,전라남도 장흥군 안양면 로하스로 121,www.wkujim.co.kr,061-860-7777,061-860-7777
151,영광군공립요양병원,요양병원,전라남도,영광군공립요양병원 설치 및 운영 조례,공립(시군구립),,142,전라남도 영광군 영광읍 와룡로 3-1,http://ge.ygmc.co.kr/,061-350-7500,061-353-7500
152,공립무안군노인전문요양병원,요양병원,전라남도,공립 무안군 노인전문요양병원 설치·운영 조례,공립(시군구립),,132,전라남도 무안군 무안읍 몽탄로 51-12,http://www.muansh.co.kr,061-453-7007,061-453-7007
153,진도군노인전문요양병원,요양병원,전라남도,진도군 노인전문요양병원 설치 및 운영 조례,공립(시군구립),,66,전라남도 진도군 의신면 운림산방로 31,http://xn--6e0bm0fm5be0mponnobbmh7b99a45i.kr/B/B/index.html,061-542-3004,061-542-3004
154,보성군립요양병원,요양병원,전라남도,보성군립요양병원 설치 및 운영에 관한 조례,공립(시군구립),,168,전라남도 보성군 벌교읍 남하로 4-10,https://bshospital.kr/,061-859-9000,061-857-9001
155,고흥군공립노인전문요양병원,요양병원,전라남도,고흥군 공립노인전문요양병원 설치 및 운영 조례,공립(시군구립),,171,전라남도 고흥군 고흥읍 고흥로 1941,http://www.kgh.co.kr,061-830-4100,061-830-3100
156,여수시립요양병원,요양병원,전라남도,여수시립요양병원 설치 및 운영조례,공립(시군구립),,136,전라남도 여수시 둔덕5길 29 (둔덕동),http://www.yshospital.kr/,061-653-9119,061-653-9119
157,광양시공립노인전문요양병원,요양병원,전라남도,광양시 공립 노인전문요양병원 설치 및 운영 조례,공립(시군구립),,174,"전라남도 광양시 진등길 91 (마동, (마동))",http://www.gyh.co.kr,061-797-8200,061-797-8200
158,화순군립요양병원,요양병원,전라남도,화순군립요양병원 설치 및 운영에 관한 조례,공립(시군구립),,186,전라남도 화순군 화순읍 서양로 330,www.cnuhgh.com,061-379-6114,061-379-6114
159,신안군공립요양병원,요양병원,전라남도,신안군 공립 요양병원 설치 및 운영 조례,공립(기타),,80,전라남도 신안군 압해읍 구항길 92-50,www.신안군공립요양병원.kr,061-260-2706,061-260-2700
160,함평군공립요양병원,요양병원,전라남도,함평군 공립요양병원 설치 및 운영 조례,공립(시군구립),,170,전라남도 함평군 학교면 학교화산길 16-19,www.hp8119.co.kr,061-322-6119,061-322-4119
161,광주보훈요양병원,요양병원,국가보훈부,한국보훈복지의료공단법,공립(기타),,120,광주광역시 광산구 첨단월봉로 99(산월동),https://gwangjucare.bohun.or.kr/,062-604-5600,062-604-5611
162,광주시립요양병원,요양병원,광주광역시,광주광역시립정신병원 및 요양병원 설치 · 운영조례,의료법인,,258,광주광역시 광산구 삼도로 84-3 (삼거동),http://www.gcdh.or.kr/intro/,062-949-5200,062-949-5226
163,곡성군립노인전문요양병원,요양병원,전라남도,곡성군립노인전문병원설치 및 운영조례,공립(시군구립),,146,전라남도 곡성군 겸면 곡순로 1756,http://www.gshospital.kr/,061-360-9000,061-360-9000
164,장성공립노인전문요양병원,요양병원,전라남도,장성군공립노인전문요양병원설치 및 운영조례,공립(시군구립),,155,전라남도 장성군 장성읍 강변안길 100,https://www.jsh.or.kr/,061-395-1170,061-395-1170
165,광주시립정신병원,정신병원,광주광역시,광주광역시립정신병원 및 요양병원 설치 · 운영조례,의료법인,,202,광주광역시 광산구 삼도로 84-3 (삼거동),www.gcmh.or.kr,062-949-5200,062-949-5200
166,근로복지공단 광주의원,의원,고용노동부,산업재해보상보험법,공립(기타),,0,"광주광역시 광산구 무진대로 272-8, 1층 (우산동)",www.comwel.or.kr/suncheon/gwangju/intr/genl.jsp,062-713-5100,062-713-5100
167,전남대학교치과병원,치과병원,교육부,국립대학치과병원 설치법,공립(기타),,14,광주광역시 북구 용봉로 33 (용봉동),https://www.cnudh.co.kr,062-530-5500,062-530-5510
168,경북대학교병원,상급종합병원,교육부,국립대학병원 설치법,특수법인,권역응급의료센터,867,"대구광역시 중구 동덕로 130 (삼덕동2가, 경북대학교병원)",http://www.knuh.kr,053-200-5114,1666-5114
169,경상북도포항의료원,종합병원,경상북도,지방의료원의 설립 및 운영에 관한 법률,공립(지방의료원),지역응급의료기관,297,"경상북도 포항시 북구 용흥로 36 (용흥동, (용흥동))",www.pmc.or.kr,054-247-0551,054-247-0551
170,대구의료원,종합병원,대구광역시,지방의료원의 설립 및 운영에 관한 법률,공립(지방의료원),지역응급의료기관,447,대구광역시 서구 평리로 157 (중리동),http://www.daegumc.co.kr,053-560-7575,053-560-7575
171,한국보훈복지의료공단 대구보훈병원,종합병원,국가보훈부,한국보훈복지의료공단법,특수법인,지역응급의료기관,456,대구광역시 달서구 월곡로 60 (도원동),http://daegu.bohun.or.kr,053-630-7000,053-630-7000
172,경상북도안동의료원,종합병원,경상북도,지방의료원의 설립 및 운영에 관한 법률,공립(지방의료원),지역응급의료기관,250,경상북도 안동시 태사2길 55 (북문동),www.amc.or.kr,054-850-6000,054-850-6000
173,경상북도김천의료원,종합병원,경상북도,지방의료원의 설립 및 운영에 관한 법률,공립(지방의료원),지역응급의료기관,284,경상북도 김천시 모암길 24 (모암동),www.gcmc.or.kr,054-432-8901,054-429-8114
174,상주적십자병원,종합병원,대한적십자사,대한적십자사 조직법,공립(기타),지역응급의료기관,205,경상북도 상주시 상서문로 53 (남성동),https://www.rch.or.kr/web/rchsanju/main/,054-534-3501,054-534-3501
175,칠곡경북대학교병원,상급종합병원,교육부,국립대학병원 설치법,공립(기타),지역응급의료센터,907,"대구광역시 북구 호국로 807, 칠곡경북대학교병원(임상실습동 1~11층 포함) (학정동)",http://www.knuch.kr,053-200-2000,053-200-2114
176,영주적십자병원,종합병원,대한적십자사,대한적십자사 조직법,공립(기타),지역응급의료기관,150,"경상북도 영주시 대학로 327-0 (가흥동,영주적십자병원)",https://www.rch.or.kr/web/rchyoungju/main,054-630-0100,054-630-0100
177,국군대구병원,병원,국방부,국군조직법,군병원,,100,경상북도 경산시 하양읍 대경로 425-41,https://demis.mil.kr/afmc/,053-750-1777,1688-9154
178,해군포항병원,병원,국방부,국군조직법,군병원,,120,경상북도 포항시 남구 오천읍 충무로 70,,054-299-2494,054-299-2452
179,울진군의료원,병원,경상북도,울진군의료원 설립 및 운영조례,공립(지방의료원),지역응급의료기관,91,경상북도 울진군 울진읍 현내항길 71,www.umc.or.kr,054-785-7015,054-785-7000
180,근로복지공단 대구병원,병원,고용노동부,산업재해보상보험법,공립(기타),,200,대구광역시 북구 학정로 515 (학정동),www.comwel.or.kr/daegu,053-715-7575,053-715-7575
181,경북권역재활병원,병원,경상북도,장애인복지법,공립(시군구립),,150,경상북도 경산시 미래로 120-0 (평산동),http://www.grrh.or.kr/,053-230-8800,053-230-8800
182,경상북도립안동노인전문요양병원,요양병원,경상북도,경상북도립노인전문요양병원 설치 및 운영 조례,공립(시도립),,363,경상북도 안동시 남후면 남일로 1463,www.andongyuri.co.kr,054-851-6000,054-851-6000
183,경상북도립경산노인전문요양병원,요양병원,경상북도,경상북도립노인전문요양병원 설치 및 운영 조례,공립(시도립),,299,경상북도 경산시 경안로 23-10 (상방동),www.gssilver.co.kr,053-819-0700,053-816-3322
184,대구광역시시지노인전문병원,요양병원,대구광역시,대구광역시 노인전문병원 설치·운영조례,재단법인,,244,"대구광역시 수성구 유니버시아드로 365, 대구광역시시지노인전문병원 (욱수동)",www.yes-naebumo.or.kr,053-819-2004,053-812-1212
185,고령군립요양병원,요양병원,경상북도,고령군립요양병원 설치 및 운영 조례,공립(시군구립),,87,경상북도 고령군 대가야읍 중앙로 31,http://plant.koreapress.net/,054-955-2661,054-956-8700
186,군립청도노인요양병원,요양병원,경상북도,청도군립 노인전문 요양병원 설치 및 운영 조례,공립(시군구립),,62,경상북도 청도군 화양읍 청화로 79-7,www.cdsilver.co.kr,054-370-5450,054-370-5450
187,봉화군립노인전문요양병원,요양병원,경상북도,봉화군립노인전문요양병원 설치 및 운영조례,공립(시군구립),,148,경상북도 봉화군 봉화읍 보밑길 9,www.bhhospital.co.kr,054-674-0011,054-674-0011
188,경상북도립김천노인전문요양병원,요양병원,경상북도,경상북도립노인전문요양병원 설치 및 운영 조례,공립(시도립),,256,경상북도 김천시 어모면 신애길 100-10,www.silverhp.com,054-420-7200,054-420-7200
189,경상북도포항노인전문요양병원,요양병원,경상북도,경상북도립노인전문요양병원 설치 및 운영 조례,공립(시도립),,172,경상북도 포항시 북구 용흥로 36 (용흥동),www.pmc.or.kr,054-247-0551,054-247-0551
190,대구광역시서부노인전문병원,요양병원,대구광역시,대구광역시 노인전문병원 설치·운영조례,공립(시도립),,242,대구광역시 서구 와룡로 298-13 (중리동),http://dgsbgh.daegumc.co.kr,053-570-7600,053-570-7575
191,구미시립노인요양병원,요양병원,경상북도,구미시립노인요양병원 설치 및 운영 조례,공립(시군구립),,249,경상북도 구미시 야은로 37-1 (부곡동),www.gumihosp.or.kr,054-440-1045,054-440-1000
192,경주시립노인전문요양병원,요양병원,경상북도,경주시립 노인전문요양병원 설치 및 운영 조례,공립(시군구립),,239,경상북도 경주시 현곡면 충현로 610-120,www.kjho.co.kr,054-743-6200,054-743-6200
193,영주시립노인전문요양병원,요양병원,경상북도,영주시립노인전문요양병원 설치 및 운영 조례,공립(시군구립),,245,경상북도 영주시 안정면 장안로 697,www.yjctm.com,054-631-1500,054-631-1500
194,칠곡군립노인요양병원,요양병원,경상북도,칠곡군립 노인전문 요양병원 설치 및 운영 조례,공립(시군구립),,149,경상북도 칠곡군 왜관읍 금남5길 58,https://chilgok8899.kr/new/intro.html,054-976-7777,054-976-7777
195,상주시립요양병원,요양병원,경상북도,상주시립요양병원 설치 및 운영 조례,공립(시군구립),,198,경상북도 상주시 용마로 190-45 (도남동),www.sjsh.co.kr,054-530-5300,054-530-5300
196,울진군의료원요양병원,요양병원,경상북도,울진군의료원 설립 및 운영조례,공립(지방의료원),,88,경상북도 울진군 울진읍 현내항길 71,www.umc.or.kr,053-785-7006,054-785-7000
197,의성군공립요양병원,요양병원,경상북도,의성군공립요양병원 설치 및 운영에 관한 조례,공립(시군구립),,196,경상북도 의성군 의성읍 안평의성로 1122-30,www.uschp.kr,054-834-7400,054-834-7400
198,시립문경요양병원,요양병원,경상북도,문경시 시립노인전문요양병원 설치 및 운영 조례,공립(시군구립),,200,경상북도 문경시 문경읍 여우목로 31,http://mghp.co.kr/,054-550-7000,054-550-7000
199,대구정신병원,정신병원,대구광역시,대구광역시 대구정신병원 설치 및 운영에 관한 조례,재단법인,,299,"대구광역시 달성군 화원읍 명천로 58, 대구광역시 시립희망원, 대구정신병원",http://www.daegumental.co.kr,053-630-3000,053-630-3000
200,경북대학교치과병원,치과병원,교육부,국립대학치과병원 설치법,공립(기타),,12,"대구광역시 중구 달구벌대로 2175 (삼덕동2가, 경북대학교치과병원)",http://www.knudh.kr,053-600-7114,053-600-7114
201,경산동의한방촌 한의원,한의원,경상북도,경산동의한방촌 운영에 관한 조례,공립(시군구립),,0,경상북도 경산시 남산면 삼성현공원로 38,https://www.hanbangchongbgs.co.kr/,053-853-6655,053-853-6653
202,경상남도마산의료원,종합병원,경상남도,지방의료원의 설립 및 운영에 관한 법률,공립(지방의료원),지역응급의료기관,298,경상남도 창원시 마산합포구 3·15대로 231 (중앙동3가),http://www.mmc.or.kr/,055-249-1000,055-249-1000
203,경상국립대학교병원,상급종합병원,교육부,국립대학병원 설치법,공립(기타),권역응급의료센터,840,경상남도 진주시 강남로 79 (칠암동),https://www.gnuh.co.kr,055-750-8000,055-750-8000
204,양산부산대학교병원,상급종합병원,교육부,국립대학병원 설치법,공립(기타),권역응급의료센터,1142,경상남도 양산시 물금읍 금오로 20,https://www.pnuyh.or.kr/pnuyh/intro.do,055-360-1000,055-360-1000
205,근로복지공단 창원병원,종합병원,고용노동부,산업재해보상보험법,특수법인,,268,경상남도 창원시 성산구 창원대로 721 (중앙동),www.comwel.or.kr/changwon,055-280-7619,055-280-7777
206,창원경상국립대학교병원,종합병원,교육부,국립대학병원 설치법,공립(기타),지역응급의료센터,517,"경상남도 창원시 성산구 삼정자로 11 (성주동, 창원경상대학교병원)",https://www.gnuch.co.kr,055-214-2000,055-214-1000
207,국립마산병원,병원,질병관리청,질병관리청과 그 소속기관 직제,국립,,292,"경상남도 창원시 마산합포구 가포로 215 (가포동, 국립마산병원)",http://www.mnth.go.kr,055-246-1141,055-246-1141
208,통영적십자병원,병원,대한적십자사,대한적십자사 조직법,공립(기타),,99,경상남도 통영시 중앙로 97 (서호동),https://www.rch.or.kr/web/rchtyoung/main,055-644-8901,055-644-8901
209,거창적십자병원,병원,대한적십자사,대한적십자사 조직법,공립(기타),지역응급의료기관,91,경상남도 거창군 거창읍 중앙로 91,https://www.rch.or.kr/web/rchgchang/main,055-944-3251,055-944-3251
210,해군해양의료원,병원,국방부,국군조직법,군병원,,120,경상남도 창원시 진해구 진해대로963번길 35 (자은동),,055-907-6996,055-907-5714
211,시립창원요양병원,요양병원,경상남도,창원시 시립요양병원의 설치 및 운영에 관한 조례,공립(시군구립),,181,경상남도 창원시 의창구 북면 단내로 499-32,http://www.hyomind.co.kr,055-298-2442,055-298-2442
212,(의)환명의료재단 경상남도립김해노인전문병원,요양병원,경상남도,경상남도립 정신병원 및 노인전문병원 설치 조례,공립(시도립),,199,경상남도 김해시 김해대로 1814-39 (삼계동),http//www.gimhaenoin.co.kr,055-330-2000,055-330-2000
213,경상남도립양산노인전문병원,요양병원,경상남도,경상남도립 정신병원 및 노인전문병원 설치 조례,공립(시도립),,214,경상남도 양산시 상북면 양산대로 1870-64,http://www.gygh.co.kr,055-375-7275,055-375-7275
214,거창군립 노인요양병원,요양병원,경상남도,거창군립노인요양병원 설치 및 운영조례,공립(시군구립),,125,경상남도 거창군 거창읍 운정3길 180,http://www.noin3333.co.kr/,055-943-3333,055-943-3333
215,의료법인진주의료재단 경상남도립통영노인전문병원,요양병원,경상남도,경상남도립 정신병원 및 노인전문병원 설치 조례,공립(시도립),,259,경상남도 통영시 도산면 남해안대로 1818,http://www.gnsilver.com,055-640-1900,055-640-1900
216,남해군립노인전문병원,요양병원,경상남도,남해군립 노인전문병원 설치 및 운영 조례,공립(시군구립),,95,경상남도 남해군 남해읍 화전로 173-1 (남해노인전문병원),http://nhsilver.com,055-864-2201,055-864-2201
217,의료법인 행복한의료재단 경남도립사천노인전문병원,요양병원,경상남도,경상남도립 정신병원 및 노인전문병원 설치 조례,공립(시도립),,227,경상남도 사천시 축동면 서삼로 1110-35,http://www.4000silver.com,055-794-2900,055-794-2900
218,시립마산요양병원,요양병원,경상남도,창원시 시립요양병원의 설치 및 운영에 관한 조례,공립(시군구립),,288,경상남도 창원시 마산합포구 현동로 15 (우산동),http://www.masanhp.co.kr/main/index.php,055-221-2700,055-221-2700
219,울산광역시립노인병원,요양병원,울산광역시,울산광역시립노인병원 설치 및 운영 조례,공립(시도립),,149,울산광역시 울주군 온양읍 덕남로 243,www.ulsangh.co.kr,052-231-7900,052-231-7900
220,의령군립노인전문병원,요양병원,경상남도,의령군립 노인전문병원 설치 및 운영조례,공립(시군구립),,143,경상남도 의령군 부림면 대한로 1655,https://blog.naver.com/5740009,055-574-0009,055-574-0009
221,국립부곡병원,정신병원,보건복지부,보건복지부와 그 소속기관 직제,국립,,302,경상남도 창녕군 부곡면 부곡로 145,www.bgnmh.go.kr,055-536-6440,055-536-6440
222,의료법인 행복한의료재단 경남도립정신병원,정신병원,경상남도,경상남도립 정신병원 및 노인전문병원 설치 조례,공립(시도립),,81,경상남도 사천시 축동면 서삼로 1110-35,http://4000maum.com/,055-786-8400,
223,양산부산대학교치과병원,치과병원,교육부,국립대학치과병원 설치법,공립(기타),,36,경상남도 양산시 물금읍 금오로 20,http://www.pnudh.co.kr,055-360-5114,055-360-5114
224,양산부산대학교한방병원,한방병원,교육부,국립대학병원 설치법,공립(기타),,100,경상남도 양산시 물금읍 금오로 20 (양산부산대학교병원),https://www.pnukh.or.kr/pnukh/index.do,055-360-5555,
225,제주특별자치도 서귀포의료원,종합병원,제주특별자치도,지방의료원의 설립 및 운영에 관한 법률,공립(지방의료원),지역응급의료센터,251,"제주특별자치도 서귀포시 장수로 47-  (동홍동,(동홍동))",http://jjsmc.or.kr,064-730-3000,064-730-3100
226,제주대학교병원,종합병원,교육부,국립대학병원 설치법,특수법인,지역응급의료센터,600,"제주특별자치도 제주시 아란13길 15-0, 0동 0층 0호 (아라일동,제주대학교병원)",http://www.jejunuh.co.kr,064-717-1114,064-717-1114
227,제주특별자치도제주의료원,병원,제주특별자치도,지방의료원의 설립 및 운영에 관한 법률,공립(지방의료원),,200,"제주특별자치도 제주시 산천단남길 10, 제주의료원 (아라일동)",http://www.jejumed.com/,064-720-2222,064-720-2222
228,제주권역재활병원,병원,제주특별자치도,장애인복지법,공립(기타),,138,제주특별자치도 서귀포시 동문로 1 (서귀동),http://www.jrh.or.kr,064-730-9015,064-730-9000
229,제주의료원부속요양병원,요양병원,제주특별자치도,지방의료원의 설립 및 운영에 관한 법률,공립(지방의료원),,184,"제주특별자치도 제주시 산천단남길 10 (아라일동, 제주의료원)",http://www.jejumed.com/,064-720-2222,064-720-2222
230,성남시노인보건센터의원,의원,경기도,성남시 노인보건센터 설치 및 운영에 관한 조례,공립(시군구립),,0,"경기도 성남시 중원구 금상로 137, 1층 (상대원동)",https://www.scsh.or.kr/,031-739-3004,031-739-3900
231,경기도립 안성휴게소의원,의원,경기도,경기도 의료취약지 의료기관 설치 및 운영 조례,공립(시도립),,0,경기도 안성시 원곡면 경부고속도로 372,https://blog.naver.com/anseong2121,031-662-2402,
